n,activation_time,mode
1,1.6020800719,modified
2,1.603421823303,modified
3,1.606177823901,modified
4,1.61046941005,modified
5,1.616032023386,modified
6,1.620794713533,modified
7,1.633003002447,modified
8,1.635389535871,modified
9,4.932576879369,modified
10,1.638193545482,modified
11,1.638248508669,modified
12,1.642663061279,modified
13,1.645113487043,modified
14,1.649367968743,modified
15,1.65407993133,modified
16,1.654637721174,modified
17,1.663726982238,modified
18,1.665059179964,modified
19,1.668542407829,modified
20,1.668634556167,modified
21,1.67486837084,modified
22,1.676869227325,modified
23,1.691153918876,modified
24,1.695563483941,modified
25,1.697910880488,modified
26,1.718268107688,modified
27,1.720929793963,modified
28,1.72208463073,modified
29,1.726619915642,modified
30,1.728538802153,modified
31,1.730995195708,modified
32,1.732041162655,modified
33,1.732271213664,modified
34,1.733808357367,modified
35,1.734295363298,modified
36,1.740266437219,modified
37,1.746053430669,modified
38,1.755078593619,modified
39,1.762943520885,modified
40,1.770713877063,modified
41,1.771289633703,modified
42,1.773532317816,modified
43,1.777391474359,modified
44,1.780292645451,modified
45,1.7806319684,modified
46,1.785272762461,modified
47,1.785408955185,modified
48,1.796585049471,modified
49,1.805397191775,modified
50,1.811322267498,modified
51,1.813990704644,modified
52,1.815732272175,modified
53,1.816970348388,modified
54,1.820654978339,modified
55,1.823147013249,modified
56,1.823643954827,modified
57,1.825790095627,modified
58,1.825864879583,modified
59,1.82812613954,modified
60,1.831442995579,modified
61,1.833949819003,modified
62,1.839761820161,modified
63,1.842813774697,modified
64,1.859558002458,modified
65,1.867637450122,modified
66,1.869417603062,modified
67,1.876880908942,modified
68,1.8792317511,modified
69,1.887663856899,modified
70,1.890810767298,modified
71,1.894425756032,modified
72,1.894619291452,modified
73,1.896637837512,modified
74,4.022435,modified
75,1.903361226841,modified
76,1.905427265934,modified
77,1.935617020695,modified
78,1.938567139017,modified
79,1.958143716632,modified
80,1.958875865355,modified
81,1.968648453064,modified
82,1.970136630594,modified
83,1.982837309763,modified
84,1.986756694845,modified
85,1.988687768647,modified
86,1.991055138171,modified
87,2.991560803829,modified
88,2.01228428181,modified
89,2.01311257212,modified
90,2.02211252163,modified
91,2.02291560885,modified
92,2.02770894614,modified
93,2.02861426008,modified
94,2.03050200837,modified
95,2.03376188085,modified
96,2.03693175297,modified
97,2.04139916583,modified
98,2.0641003728,modified
99,2.0657326907,modified
100,2.07099815515,modified
101,2.07310672565,modified
102,2.07542525279,modified
103,2.08226570877,modified
104,2.08387473427,modified
105,2.08477106682,modified
106,2.08772253293,modified
107,2.0884261391,modified
108,2.09258606011,modified
109,2.09736595716,modified
110,2.10242128025,modified
111,4.020885,modified
112,7.485622,modified
113,2.13310880954,modified
114,2.14345465781,modified
115,2.159945058,modified
116,2.18177627689,modified
117,2.18365609245,modified
118,2.19928096696,modified
119,2.21570384332,modified
120,2.22440199888,modified
121,2.22467633618,modified
122,2.23824791213,modified
123,2.23960098327,modified
124,2.25188533442,modified
125,2.25465822366,modified
126,2.26139996747,modified
127,2.2632955039,modified
128,2.27705798125,modified
129,2.27990302799,modified
130,2.28436121799,modified
131,2.29663862012,modified
132,2.29866543574,modified
133,2.30491941358,modified
134,2.31289145044,modified
135,2.32540947994,modified
136,2.32689794416,modified
137,2.32788253963,modified
138,2.33201974572,modified
139,2.34667747545,modified
140,2.35027849469,modified
141,2.35293413691,modified
142,2.35748487607,modified
143,2.36679809753,modified
144,2.37515411101,modified
145,2.37855232488,modified
146,2.37905466884,modified
147,2.38097432345,modified
148,2.38233272674,modified
149,2.3864337221,modified
150,2.39296088802,modified
151,2.40217879488,modified
152,2.41177543991,modified
153,2.41438431339,modified
154,2.41645545567,modified
155,2.41783509158,modified
156,2.41928694843,modified
157,2.41986434498,modified
158,2.42049093613,modified
159,2.42665881828,modified
160,2.43308774929,modified
161,2.43742046808,modified
162,2.43927656327,modified
163,2.44105542187,modified
164,2.44464556548,modified
165,2.44465221898,modified
166,2.44614315943,modified
167,2.45921978265,modified
168,2.46170051634,modified
169,7.990237,modified
170,3.088828,modified
171,4.398636,modified
172,3.48153830423,modified
173,3.49630372618,modified
174,3.4973021479,modified
175,3.49878426582,modified
176,4.905471,modified
177,3.51157758604,modified
178,3.51627750056,modified
179,7.356021,modified
180,3.53001694424,modified
181,3.53122254962,modified
182,4.567185,modified
183,3.54331608625,modified
184,6.088208,modified
185,3.55907228458,modified
186,3.57179979416,modified
187,5.750077,modified
188,3.57442632986,modified
189,3.57875780334,modified
190,3.5899583583,modified
191,3.59784071502,modified
192,3.60673909606,modified
193,4.904748,modified
194,3.61646512521,modified
195,3.61719664133,modified
196,3.08769241365,modified
197,3.62940884044,modified
198,3.64648070521,modified
199,3.65439549362,modified
200,3.65792421697,modified
201,3.66014826706,modified
202,3.66559326154,modified
203,3.66602048445,modified
204,3.67594915812,modified
205,3.67609097829,modified
206,3.68887593664,modified
207,3.70618541976,modified
208,3.7275357438,modified
209,3.7280614237,modified
210,3.7360651513,modified
211,3.74309053143,modified
212,3.74667696778,modified
213,3.75604680117,modified
214,3.75904009916,modified
215,3.76455669126,modified
216,3.78508186002,modified
217,3.78645942778,modified
218,3.79008348176,modified
219,3.79272814405,modified
220,3.79753350285,modified
221,3.79837544121,modified
222,3.80418425974,modified
223,3.80519913167,modified
224,3.80675111735,modified
225,3.81402593667,modified
226,3.81616254413,modified
227,3.29766865250,modified
228,3.82755018511,modified
229,3.83299018972,modified
230,3.83629413202,modified
231,3.84495255917,modified
232,3.86149219994,modified
233,3.86269573787,modified
234,3.87553773373,modified
235,3.88657629262,modified
236,3.88719913924,modified
237,3.88759726429,modified
238,3.8910339818,modified
239,3.89234091454,modified
240,3.89333509554,modified
241,3.89438996638,modified
242,3.90243967906,modified
243,3.90899853068,modified
244,3.91147223783,modified
245,3.91691970286,modified
246,3.92442623274,modified
247,3.92893513056,modified
248,3.93277727946,modified
249,3.93502283061,modified
250,3.94291129676,modified
251,3.94389282688,modified
252,3.9448612897,modified
253,5.747288,modified
254,3.95149580797,modified
255,5.197889,modified
256,3.54995006715,modified
257,3.96425105564,modified
258,3.96515900323,modified
259,3.96581251344,modified
260,3.9799025947,modified
261,3.98000892759,modified
262,3.98320283131,modified
263,3.99940977246,modified
264,3.00453375318,modified
265,6.211560,modified
266,3.02083372912,modified
267,3.0236874196,modified
268,3.02456191923,modified
269,3.02683898249,modified
270,3.0324236884,modified
271,3.03506930804,modified
272,3.03527010693,modified
273,3.04163515378,modified
274,3.06355035596,modified
275,3.06525691294,modified
276,3.07344422677,modified
277,3.07557255634,modified
278,3.0804478422,modified
279,3.08110281725,modified
280,3.08223860157,modified
281,3.08491131089,modified
282,3.08517420243,modified
283,3.0920650977,modified
284,3.10608940502,modified
285,3.11169869365,modified
286,3.11236223886,modified
287,4.11963145273,modified
288,4.12288125436,modified
289,4.13888367765,modified
290,6.717518,modified
291,4.14358872219,modified
292,5.492114,modified
293,4.166234653,modified
294,4.1684611196,modified
295,4.17579180969,modified
296,4.1783276398,modified
297,4.18166920486,modified
298,4.18651231213,modified
299,4.19183368442,modified
300,4.19601874361,modified
301,4.20243744787,modified
302,4.20573766728,modified
303,4.2084887105,modified
304,4.21559982585,modified
305,4.21727346089,modified
306,4.22304960849,modified
307,4.22475242241,modified
308,4.22504416026,modified
309,4.22636552404,modified
310,4.23113234038,modified
311,4.24080345384,modified
312,4.24578483362,modified
313,4.24923961416,modified
314,4.25272852435,modified
315,4.2583586616,modified
316,4.26498374199,modified
317,4.2705342705,modified
318,4.27158854027,modified
319,3.27269217854,modified
320,4.67360806724,modified
321,4.675160598,modified
322,4.68369608712,modified
323,4.68661455712,modified
324,4.69215054081,modified
325,4.69343915175,modified
326,4.79597007284,modified
327,3.29863199836,modified
328,4.90796385261,modified
329,4.90850533041,modified
330,4.91206006945,modified
331,4.91275463922,modified
332,4.91840958264,modified
333,4.92087184988,modified
334,4.92617300825,modified
335,4.92701410954,modified
336,4.93256776781,modified
337,4.936485556,modified
338,4.93738624361,modified
339,4.93882431468,modified
340,4.94131534913,modified
341,4.94324609998,modified
342,4.94486794413,modified
343,4.9478264214,modified
344,4.96484416266,modified
345,4.96525058597,modified
346,4.96526237594,modified
347,4.96531511002,modified
348,4.97024779652,modified
349,4.97973980002,modified
350,4.98380504743,modified
351,4.89315903907,modified
352,4.79328790765,modified
353,5.02527721965,modified
354,5.03504394014,modified
355,5.04401037995,modified
356,5.04772311527,modified
357,5.04965146267,modified
358,5.05037934766,modified
359,5.05153427683,modified
360,5.05303788237,modified
361,5.05578338326,modified
362,5.05888157363,modified
363,5.45904568639,modified
364,5.46044675363,modified
365,5.46568083536,modified
366,5.46749839058,modified
367,5.46911445401,modified
368,5.46944851201,modified
369,5.47618962458,modified
370,5.48066705015,modified
371,5.48068605816,modified
372,5.48080370287,modified
373,5.48127334233,modified
374,5.48403747096,modified
375,5.48723258254,modified
376,5.48774326855,modified
377,5.4953926255,modified
378,5.49879556241,modified
379,5.50331001642,modified
380,5.50392964003,modified
381,5.53039613364,modified
382,5.53451343187,modified
383,5.56046025792,modified
384,5.5643291566,modified
385,5.56756742733,modified
386,5.56771257236,modified
387,5.57176185008,modified
388,5.57909888465,modified
389,5.58164897545,modified
390,5.58315392276,modified
391,5.58725197248,modified
392,5.60195056268,modified
393,5.60278151341,modified
394,5.60345780235,modified
395,5.60725417682,modified
396,5.61690700338,modified
397,5.62434326188,modified
398,5.62460504859,modified
399,5.63195311107,modified
400,5.63379233392,modified
401,5.63418091423,modified
402,5.64168568662,modified
403,5.65385404412,modified
404,5.6579116641,modified
405,5.66924441482,modified
406,5.67287835884,modified
407,5.68319730327,modified
408,5.68720697689,modified
409,5.69225296546,modified
410,5.70561537391,modified
411,5.70915384933,modified
412,5.71679139277,modified
413,5.72994275306,modified
414,5.7353260846,modified
415,5.7366304114,modified
416,5.74088099842,modified
417,5.77019379277,modified
418,5.77496857902,modified
419,5.77897760754,modified
420,5.78413840726,modified
421,5.79102417656,modified
422,5.7929466339,modified
423,5.79748822035,modified
424,5.79977146054,modified
425,5.19070904645,modified
426,5.80771203768,modified
427,5.80845890432,modified
428,5.80880414633,modified
429,5.82160688284,modified
430,5.82265087183,modified
431,5.82380020752,modified
432,5.83211492393,modified
433,5.85164638494,modified
434,5.85548696855,modified
435,5.87144799711,modified
436,5.88221526296,modified
437,5.88554951474,modified
438,5.88919417099,modified
439,5.90469042581,modified
440,5.19008919039,modified
441,5.92641528241,modified
442,5.92645517794,modified
443,5.92907397807,modified
444,5.93246099732,modified
445,5.93890776915,modified
446,5.94468673777,modified
447,5.94952708296,modified
448,5.95001985027,modified
449,5.18967595302,modified
450,5.97122166722,modified
451,5.97194463761,modified
452,5.97306131724,modified
453,5.97789637368,modified
454,5.98325547436,modified
455,5.98713487743,modified
456,5.99113646714,modified
457,6.056352,modified
458,5.189314,modified
459,6.102083,modified
460,6.104526,modified
461,6.138082,modified
462,6.583525,modified
463,6.197390,modified
464,6.201441,modified
465,6.249431,modified
466,6.328191,modified
467,6.353108,modified
468,5.400168,modified
469,6.363877,modified
470,7.977530,modified
471,6.625365,modified
472,6.202830,modified
473,6.921088,modified
474,7.597093,modified
475,6.513045,modified
476,7.132201,modified
477,6.620269,modified
478,6.653469,modified
479,6.660729,modified
480,8.146131,modified
481,6.703338,modified
482,6.717984,modified
483,6.736922,modified
484,7.469919,modified
485,6.793811,modified
486,12.878267,modified
487,6.790699,modified
488,6.624642,modified
489,6.842033,modified
490,6.845020,modified
491,7.300595,modified
492,6.868780,modified
493,6.881895,modified
494,6.900947,modified
495,6.914413,modified
496,6.916885,modified
497,6.943499,modified
498,6.944762,modified
499,6.999882,modified
500,6.962205,modified
501,7.03534463221,modified
502,6.497313,modified
503,7.1498182713,modified
504,7.173266,modified
505,7.18480668098,modified
506,13.426736,modified
507,7.23176544429,modified
508,7.23966683408,modified
509,7.24602466869,modified
510,7.248450034,modified
511,7.27439895875,modified
512,7.27555526154,modified
513,7.28090534114,modified
514,6.834825,modified
515,7.32555003796,modified
516,7.33269781653,modified
517,7.172750,modified
518,11.186834,modified
519,6.66560487620,modified
520,7.39768841362,modified
521,7.40922180502,modified
522,8.9894452,modified
523,9.327473,modified
523,7.42935187257,modified
524,7.44269657553,modified
525,7.4434900984,modified
526,7.45416061425,modified
527,7.54197041803,modified
528,7.54637171605,modified
529,7.55228246364,modified
530,7.55660162341,modified
531,7.5819926443,modified
532,7.60992822103,modified
533,7.63156334551,modified
534,7.66238559724,modified
535,7.71104681781,modified
536,7.72825825948,modified
537,7.76499580772,modified
538,7.77019133341,modified
539,7.81046053849,modified
540,7.87890088373,modified
541,7.88479313147,modified
542,7.89312265268,modified
543,7.89453411846,modified
544,7.90770004582,modified
545,7.91347655846,modified
546,7.94596234945,modified
547,7.95322495893,modified
548,7.99054002203,modified
549,7.99783143232,modified
550,8.00126937557,modified
551,8.02172705769,modified
552,8.03147390419,modified
553,8.06007172767,modified
554,8.06460057316,modified
555,10.213406,modified
556,8.10289779426,modified
557,8.10439927615,modified
558,8.12435453291,modified
559,9.15685801852,modified
560,8.22626439797,modified
561,8.228764737,modified
562,10.804640,modified
563,10.339801,modified
564,8.36915947588,modified
565,8.37582228057,modified
566,11.649557,modified
567,9.62133682289,modified
568,8.44563847604,modified
569,8.46177228924,modified
570,13.339491,modified
571,8.49626645016,modified
572,11.607045,modified
573,8.52905735191,modified
574,10.550604,modified
575,13.170271,modified
576,8.58858703992,modified
577,8.58872316554,modified
578,8.60321501844,modified
579,8.6992127849,modified
580,8.70064194636,modified
581,8.70791585304,modified
582,8.73352973024,modified
583,8.74676551045,modified
584,8.77274555282,modified
585,8.83776710455,modified
586,8.84384297241,modified
587,8.85188346587,modified
588,8.86983621769,modified
589,8.8710277187,modified
590,8.87670992583,modified
591,11.859740,modified
592,8.90884140418,modified
593,8.92735525505,modified
594,8.94419112868,modified
595,8.96136200927,modified
596,10.6341816178,modified
597,9.03402023848,modified
598,9.04933987148,modified
599,9.05289765703,modified
600,9.11296371781,modified
601,10.4227073935,modified
602,9.15215238049,modified
603,9.15960104108,modified
604,9.19153978873,modified
605,9.21744745323,modified
606,9.22612776858,modified
607,9.2428582035,modified
608,9.25016726848,modified
609,9.26983405393,modified
610,9.30156167313,modified
611,9.30860472718,modified
612,9.3168039391,modified
613,9.31829593222,modified
614,9.34514906692,modified
615,9.35066435977,modified
616,9.3633158136,modified
617,9.36343960704,modified
618,9.36881855126,modified
619,9.40667021609,modified
620,9.44568961017,modified
621,9.50447988197,modified
622,9.54682272615,modified
623,9.56462398758,modified
624,9.57122789004,modified
625,9.58140069822,modified
626,9.63312878944,modified
627,9.63836773868,modified
628,9.652210251,modified
629,9.65362040037,modified
630,9.69123309241,modified
631,9.75607921583,modified
632,9.77368319523,modified
633,12.322772,modified
634,9.87234749986,modified
635,12.871965,modified
636,9.9277203321,modified
637,9.94202394134,modified
638,9.94270871185,modified
639,9.99551064144,modified
640,11.0092398756,modified
641,10.1463619338,modified
642,11.0612761331,modified
643,11.1032683478,modified
644,11.1840662572,modified
645,11.2053840404,modified
646,11.2593902693,modified
647,11.2653667203,modified
648,11.2902505352,modified
649,10.291094105,modified
650,11.3228132428,modified
651,11.3303830282,modified
652,11.3344176449,modified
653,10.3566241125,modified
654,10.4066208296,modified
655,11.4246152568,modified
656,11.4714426084,modified
657,10.472869531,modified
658,11.4790607197,modified
659,11.4803270351,modified
660,11.4804078617,modified
661,11.5243650416,modified
662,11.5459441197,modified
663,11.5528608598,modified
664,11.6320907064,modified
665,11.6331616415,modified
666,11.6582326873,modified
667,11.7059239841,modified
668,11.7071559487,modified
669,11.7168937983,modified
670,11.7189299977,modified
671,10.751105046,modified
672,11.7641713797,modified
673,11.7743567088,modified
674,11.7745749918,modified
675,11.7900312288,modified
676,11.7929306559,modified
677,11.7953395342,modified
678,11.8035473114,modified
679,11.8117878976,modified
680,11.8693345159,modified
681,11.9239639793,modified
682,10.9315787693,modified
683,11.938759397,modified
684,11.976709911,modified
685,11.041687443,modified
686,11.0546019984,modified
687,11.0588668049,modified
688,11.0608427411,modified
689,17.137298,modified
690,11.0934788628,modified
691,11.103767439,modified
692,11.1204631599,modified
693,11.1259716704,modified
694,11.169149819,modified
695,11.1897206841,modified
696,11.2072645246,modified
697,11.2851265411,modified
698,11.3189773496,modified
699,11.3222638327,modified
700,11.3657665756,modified
701,11.374533991,modified
702,11.3983105086,modified
703,11.4251071882,modified
704,11.4257741686,modified
705,11.4581409053,modified
706,11.4965584579,modified
707,11.5005044488,modified
708,11.5365492775,modified
709,17.7280209373,modified
710,11.5523772146,modified
711,11.5633024265,modified
712,11.5648500326,modified
713,11.6397763948,modified
714,11.665298198,modified
715,11.6848885093,modified
716,11.6987343012,modified
717,11.7004974663,modified
718,11.7111072284,modified
719,11.7444536882,modified
720,11.7617756546,modified
721,11.7807188068,modified
722,11.8089068865,modified
723,11.8443274313,modified
724,11.8580981719,modified
725,11.8589186987,modified
726,11.8732956387,modified
727,11.9068449857,modified
728,12.741279,modified
729,11.9317836405,modified
730,11.9338797246,modified
731,11.960537517,modified
732,12.0120081361,modified
733,12.0831489922,modified
734,12.111224265,modified
735,12.1230502282,modified
736,12.139855292,modified
737,12.1787125245,modified
738,12.1803149668,modified
739,12.1829473397,modified
740,12.1986372815,modified
741,12.2370030381,modified
742,12.2560167951,modified
743,12.3030602463,modified
744,12.3052603868,modified
745,12.3250298013,modified
746,12.34746252,modified
747,12.3540571827,modified
748,12.3653420839,modified
749,12.3879729049,modified
750,12.4149852826,modified
751,12.4158673583,modified
752,12.4372866878,modified
753,12.4643662721,modified
754,12.484214783,modified
755,12.5009128016,modified
756,12.5399903336,modified
757,12.5640039719,modified
758,12.5652566408,modified
759,12.8684941231,modified
760,12.5948186927,modified
761,12.5962155714,modified
762,12.6118741095,modified
763,12.6193120874,modified
764,12.6313858435,modified
765,12.6437458181,modified
766,12.6783925119,modified
767,12.7002169597,modified
768,12.7074821236,modified
769,12.7294843887,modified
770,12.7517100946,modified
771,12.7716559534,modified
772,12.7778492332,modified
773,12.7874408671,modified
774,12.7965410181,modified
775,12.8058686834,modified
776,12.8342270729,modified
777,12.8517664319,modified
778,12.9750115849,modified
779,12.9764990247,modified
780,13.0058223198,modified
781,20.6827197906,modified
782,13.076083293,modified
783,13.0794580651,modified
784,13.083923228,modified
785,13.0866395529,modified
786,13.1015219036,modified
787,13.1734480536,modified
788,13.1823737805,modified
789,13.2162858113,modified
790,13.2179120405,modified
791,13.267544412,modified
792,13.3556774413,modified
793,13.3668764328,modified
794,13.3802818008,modified
795,13.3839722832,modified
796,13.4146405625,modified
797,13.4326859148,modified
798,13.442128182,modified
799,13.44297449,modified
800,13.4565539155,modified
801,13.4577880282,modified
802,13.4696844625,modified
803,13.4746693763,modified
804,13.4770830813,modified
805,13.4925350422,modified
806,13.5113593948,modified
807,13.515950105,modified
808,13.5301729817,modified
809,13.5709467257,modified
810,13.5726644925,modified
811,13.5926452325,modified
812,13.6128739307,modified
813,13.6706097016,modified
814,13.6740221459,modified
815,13.7055288916,modified
816,13.7133948023,modified
817,13.7297898004,modified
818,13.7371211224,modified
819,13.7420230575,modified
820,13.7464233465,modified
821,13.8023905483,modified
822,13.8196594834,modified
823,13.8307758609,modified
824,13.8366047806,modified
825,13.8600042098,modified
826,13.8608921513,modified
827,13.8632205837,modified
828,13.8641953278,modified
829,13.8831799965,modified
830,13.9308252615,modified
831,13.9620745464,modified
832,13.9687126348,modified
833,17.3847239918,modified
834,14.0068086552,modified
835,14.0100011676,modified
836,14.0177327198,modified
837,14.033244566,modified
838,14.0513968119,modified
839,14.0685056234,modified
840,14.0716221382,modified
841,14.0768599566,modified
842,14.0896639327,modified
843,14.1352756106,modified
844,14.1501393845,modified
845,14.1509909712,modified
846,14.1813510601,modified
847,14.1832440153,modified
848,14.1885466137,modified
849,14.2021344,modified
850,14.2037185162,modified
851,14.2079208337,modified
852,14.2589843669,modified
853,14.2593517462,modified
854,14.2703706188,modified
855,14.2738099984,modified
856,14.2761961287,modified
857,14.3192822994,modified
858,14.3225457854,modified
859,14.3287619626,modified
860,14.3316511892,modified
861,14.3444442596,modified
862,14.3776105462,modified
863,14.3845452441,modified
864,14.4168636151,modified
865,14.4377743902,modified
866,14.4982003322,modified
867,14.5300790523,modified
868,14.5432240296,modified
869,14.5501880328,modified
870,14.5610250561,modified
871,14.5639518081,modified
872,14.583058866,modified
873,14.5990327982,modified
874,14.6223861688,modified
875,14.6592633209,modified
876,14.6711837227,modified
877,14.6992961749,modified
878,14.702778014,modified
879,14.7036198499,modified
880,15.777123,modified
881,14.7248271285,modified
882,14.7507447397,modified
883,14.7561602281,modified
884,14.7720789518,modified
885,14.8119056956,modified
886,14.8172632998,modified
887,14.8286134699,modified
888,14.8286615682,modified
889,14.8818389748,modified
890,14.8845630124,modified
891,14.8873701537,modified
892,14.9383524621,modified
893,14.9541672853,modified
894,14.9672170653,modified
895,15.0027656672,modified
896,15.013221874,modified
897,15.0249237967,modified
898,15.0952919707,modified
899,15.1034396166,modified
900,15.1615111805,modified
901,15.1765852725,modified
902,15.1925078885,modified
903,15.2162489133,modified
904,15.2485680916,modified
905,15.2514708171,modified
906,15.2560016228,modified
907,15.2569551138,modified
908,15.2667003965,modified
909,15.274160242,modified
910,15.2802140082,modified
911,15.2986106941,modified
912,15.3189074308,modified
913,16.958832,modified
914,15.3413199008,modified
915,15.361007178,modified
916,15.4170292795,modified
917,15.4280305584,modified
918,17.6346809463,modified
919,15.4456386951,modified
920,15.5239565804,modified
921,15.5753736671,modified
922,15.58279912,modified
923,15.5922533421,modified
924,15.5972761068,modified
925,15.6076591019,modified
926,15.6082123444,modified
927,15.6377408612,modified
928,15.7216332502,modified
929,16.7046385894,modified
930,15.7789812346,modified
931,15.7918677117,modified
932,15.8394064714,modified
933,15.8809480004,modified
934,15.9005634542,modified
935,15.9126534939,modified
936,15.9397817986,modified
937,15.9641060757,modified
938,15.9840667283,modified
939,2.50100,modified
940,16.4506525706,modified
941,2.50034,modified
942,2.50122,modified
943,2.50123,modified
944,2.50129,modified
945,2.50168,modified
946,2.501851161149385,modified
947,2.5023045090971805,modified
948,2.502392074741111,modified
949,2.502629024171395,modified
950,2.7030391487924395,modified
951,2.5033611239592433,modified
952,2.503686779618042,modified
953,2.5039440706586684,modified
954,2.1042122325085634,modified
955,2.504235207713698,modified
956,2.5053311004033345,modified
957,2.2059020431886356,modified
958,2.5061098513985463,modified
959,2.506368356102151,modified
960,2.506407709548087,modified
961,2.506607328986154,modified
962,2.507367077914488,modified
963,2.5074593901114577,modified
964,2.5075424628371197,modified
965,2.507580592031884,modified
966,2.5082471683183702,modified
967,2.5084880326376755,modified
968,2.5085089124411226,modified
969,2.509196470146383,modified
970,2.509258810461498,modified
971,2.5093217358961843,modified
972,2.509377451909308,modified
973,2.5097127619508837,modified
974,2.5100196294434567,modified
975,2.5102199568864942,modified
976,2.5103980113171516,modified
977,2.5105979908622653,modified
978,2.5108740711555386,modified
979,2.5113170574830144,modified
980,2.5113608265481178,modified
981,2.5115619509642806,modified
982,2.511804970209469,modified
983,2.5120734728897403,modified
984,2.5125681322610416,modified
985,2.5126849797484923,modified
986,2.5127474214007948,modified
987,2.5129066919666423,modified
988,2.512910058273837,modified
989,2.512964138604005,modified
990,2.5130076474475898,modified
991,2.5137595191229365,modified
992,2.5138184766172635,modified
993,2.5139549615567507,modified
994,2.514147863448713,modified
995,2.514459240813357,modified
996,2.5144648004649737,modified
997,2.514603103667021,modified
998,2.3214942431273395,modified
999,2.51518283345117,modified
1000,2.2315399694856419,modified
1001,2.5155155157114995,modified
1002,2.5160424430487196,modified
1003,2.516760634321971,modified
1004,2.517033874046305,modified
1005,2.51724057175575,modified
1006,2.51735133283022,modified
1007,2.5174341713113684,modified
1008,2.5178325836881523,modified
1009,2.518177829603599,modified
1010,2.518533770396875,modified
1011,2.5185431539656395,modified
1012,2.519000818920958,modified
1013,2.5190883846456464,modified
1014,2.519184922865433,modified
1015,2.519264926945964,modified
1016,2.519299376680231,modified
1017,2.519320479676569,modified
1018,2.5198990416446354,modified
1019,2.520210431854675,modified
1020,2.5205732604521325,modified
1021,2.5207016965585853,modified
1022,2.520736598380633,modified
1023,2.5212078907960276,modified
1024,2.5212948200386136,modified
1025,2.52165012645405,modified
1026,2.5218990286452763,modified
1027,2.321996500263161,modified
1028,2.5224538530585887,modified
1029,2.5225171323196642,modified
1030,2.522526752793532,modified
1031,2.522647238061238,modified
1032,2.5226510589681808,modified
1033,2.5229111835262596,modified
1034,2.5231440616784107,modified
1035,2.52329344056057,modified
1036,2.523460329264114,modified
1037,2.5241133094475994,modified
1038,2.524519670279098,modified
1039,2.5245363813554413,modified
1040,2.5246360814839344,modified
1041,2.5247728122569946,modified
1042,2.5248187634889923,modified
1043,2.3248609223034304,modified
1044,2.5250960194238234,modified
1045,2.5251216039064044,modified
1046,2.525195982395074,modified
1047,2.5253264998108635,modified
1048,2.525628418756005,modified
1049,2.525806212819085,modified
1050,2.5264486602536,modified
1051,2.526948344747877,modified
1052,2.526984950715012,modified
1053,2.2270795082240487,modified
1054,2.5271912354652146,modified
1055,2.527714753993889,modified
1056,2.5279931516977676,modified
1057,2.528273986912579,modified
1058,2.528382637244779,modified
1059,2.5284815739510265,modified
1060,2.52910480470184,modified
1061,2.529129206773251,modified
1062,2.529134197997439,modified
1063,2.5295329004957487,modified
1064,2.529609847542438,modified
1065,2.53002256905431,modified
1066,2.5305054560196254,modified
1067,2.531063349855556,modified
1068,2.5313168322452486,modified
1069,2.5313275604426755,modified
1070,2.5314525139738966,modified
1071,2.2315136071551914,modified
1072,2.531553180021728,modified
1073,2.531660053854626,modified
1074,2.532662375899988,modified
1075,2.5328449487621945,modified
1076,2.5328840057225515,modified
1077,2.533291686096044,modified
1078,2.5336418013599165,modified
1079,2.534068577453418,modified
1080,2.5344164709466206,modified
1081,2.5345549192741736,modified
1082,2.5346385781580696,modified
1083,2.534651576188583,modified
1084,2.534932497749522,modified
1085,2.5350058333162795,modified
1086,2.135374072912853,modified
1087,2.5355614285151846,modified
1088,2.5357979030143736,modified
1089,2.5365683085579764,modified
1090,2.5368587769014597,modified
1091,2.536898409173454,modified
1092,2.537024362255652,modified
1093,2.537102607999477,modified
1094,2.5376329661301997,modified
1095,2.5376347028258257,modified
1096,2.537774907189397,modified
1097,2.5385901942222775,modified
1098,2.538806026470038,modified
1099,2.5389337919878683,modified
1100,2.5394207435481535,modified
1101,2.540256880849309,modified
1102,2.540300251546804,modified
1103,2.5408615175172335,modified
1104,2.5411574647845763,modified
1105,2.541389933088176,modified
1106,2.541608091021606,modified
1107,2.541793184697709,modified
1108,2.54196951298582,modified
1109,2.542384809324086,modified
1110,2.542667919200442,modified
1111,2.943255817719141,modified
1112,2.5434882147999343,modified
1113,2.544052780745319,modified
1114,2.5442166486069517,modified
1115,2.5443753513500496,modified
1116,2.544661049132705,modified
1117,2.5447073480156064,modified
1118,2.5448049677743643,modified
1119,2.544970759693774,modified
1120,2.5453673281708586,modified
1121,2.5458220065320902,modified
1122,2.5459691153717645,modified
1123,2.5462168519860073,modified
1124,2.5462172921367383,modified
1125,2.546219083564532,modified
1126,2.546305983244011,modified
1127,2.5463258125280186,modified
1128,2.5466131975723942,modified
1129,2.5470259422453,modified
1130,2.5471089783878567,modified
1131,2.5479942533846742,modified
1132,2.5479993080654078,modified
1133,2.5480877741193115,modified
1134,2.548584054067204,modified
1135,2.549172155693183,modified
1136,2.5493636672608053,modified
1137,2.549580635294255,modified
1138,2.549624878983738,modified
1139,2.0498951032923496,modified
1140,2.549926742268536,modified
1141,2.5500391096679036,modified
1142,2.5501040315854753,modified
1143,2.1501113765896215,modified
1144,2.550338237566576,modified
1145,2.5504014268366215,modified
1146,2.5508488851077815,modified
1147,2.551035774872052,modified
1148,2.5515203290459123,modified
1149,2.552402488049463,modified
1150,2.5526715440819046,modified
1151,2.5527888055591426,modified
1152,2.552830252340447,modified
1153,2.5528829032687392,modified
1154,2.55306342633856,modified
1155,2.5532563356037214,modified
1156,2.553266678101074,modified
1157,2.553287305052816,modified
1158,2.553392709499136,modified
1159,2.4537202979668914,modified
1160,2.5542765417007534,modified
1161,2.5544682007399513,modified
1162,2.5548955961963857,modified
1163,2.5549010850202927,modified
1164,2.5551887836046174,modified
1165,2.5564510576856136,modified
1166,2.5565619285160137,modified
1167,2.5567250218084445,modified
1168,2.557006354114426,modified
1169,2.5575470904029305,modified
1170,2.5576135388084356,modified
1171,2.557763302391614,modified
1172,2.557821351834132,modified
1173,2.557882911279124,modified
1174,2.5583910186989955,modified
1175,2.5586023115110255,modified
1176,2.5588556969470617,modified
1177,2.558905447086655,modified
1178,2.5592309902094765,modified
1179,2.5592312914517064,modified
1180,2.5596760476173186,modified
1181,2.559703598073383,modified
1182,2.559817789229009,modified
1183,2.5598423923438762,modified
1184,2.9609335333545937,modified
1185,2.561345640304377,modified
1186,2.561988390736808,modified
1187,2.5620121532676636,modified
1188,2.5621206063403057,modified
1189,2.5623425753621563,modified
1190,2.5623972797252175,modified
1191,2.5626458465394295,modified
1192,2.562784301276328,modified
1193,2.5632562794158855,modified
1194,2.5640239697204157,modified
1195,2.5640739566585866,modified
1196,2.564321513057075,modified
1197,2.5643714423840995,modified
1198,2.5650379285858644,modified
1199,2.565158139293796,modified
1200,2.5652469855526587,modified
1201,2.5656205746571286,modified
1202,2.566180008808393,modified
1203,2.566947921282489,modified
1204,2.5672107572260394,modified
1205,2.567220098280711,modified
1206,2.567434255082779,modified
1207,2.5676414806138057,modified
1208,2.5680728827873187,modified
1209,2.568298800778762,modified
1210,2.568786987750411,modified
1211,2.568798771896718,modified
1212,2.569308007724832,modified
1213,2.569414359516938,modified
1214,2.569752892136408,modified
1215,2.571615475267883,modified
1216,2.571742805171731,modified
1217,2.571874301535912,modified
1218,2.5720058878225265,modified
1219,2.5725945448825693,modified
1220,2.572663639361445,modified
1221,2.573465378041857,modified
1222,2.5737125790315285,modified
1223,2.773732234563156,modified
1224,2.5739610555743004,modified
1225,2.774199104904919,modified
1226,2.5744616683789467,modified
1227,2.5755012826265196,modified
1228,2.575934086616281,modified
1229,2.575971004557899,modified
1230,2.5759753498099762,modified
1231,2.5772874349771433,modified
1232,2.5773089661603428,modified
1233,2.577460272343828,modified
1234,2.5780149957563707,modified
1235,2.5781476584880307,modified
1236,2.5784982102644127,modified
1237,2.5785563124940913,modified
1238,2.578978113429774,modified
1239,2.579053615529538,modified
1240,2.5791497182768843,modified
1241,2.8792162806475227,modified
1242,2.5792576372621654,modified
1243,2.579275148567793,modified
1244,2.779949610875946,modified
1245,2.5800776445529485,modified
1246,2.580591905235225,modified
1247,2.5806031803960283,modified
1248,2.5809579196928314,modified
1249,2.581432449113503,modified
1250,2.581745764759364,modified
1251,2.581753635828202,modified
1252,2.581754257547155,modified
1253,2.881892695419672,modified
1254,2.5828032106555536,modified
1255,2.5833199849051445,modified
1256,2.5834511724358085,modified
1257,2.5844303483213533,modified
1258,2.584643523934747,modified
1259,2.584920985160813,modified
1260,2.585018831664894,modified
1261,2.5850471826866808,modified
1262,2.5850490377181465,modified
1263,2.5853567461247198,modified
1264,2.586305245947158,modified
1265,2.586395727059695,modified
1266,2.586398414005172,modified
1267,2.586634812082209,modified
1268,2.586725728292996,modified
1269,2.586757531869921,modified
1270,2.5868982485088416,modified
1271,2.9870327834420315,modified
1272,2.5888957393548933,modified
1273,2.589456934034873,modified
1274,2.5896619539124597,modified
1275,2.5899142084459643,modified
1276,2.5900113102051865,modified
1277,2.5901415518447566,modified
1278,2.5910930692763436,modified
1279,2.5911824998662927,modified
1280,2.5916337276239476,modified
1281,2.5916971440194017,modified
1282,2.591706366266322,modified
1283,2.5920840110402827,modified
1284,2.592524996141982,modified
1285,2.592705543183645,modified
1286,2.5936977158859884,modified
1287,2.5938319657061784,modified
1288,2.5939209301404174,modified
1289,2.594026023910004,modified
1290,2.594175280300411,modified
1291,2.9942543170496735,modified
1292,2.594358100088604,modified
1293,2.5944309666028356,modified
1294,2.594476928682557,modified
1295,2.5945883586117566,modified
1296,2.5946386780687014,modified
1297,2.594749027788766,modified
1298,2.594753356178647,modified
1299,2.594921288721468,modified
1300,2.5954918074058053,modified
1301,2.5955080828771915,modified
1302,2.595546635265796,modified
1303,2.59569594607992,modified
1304,2.595771304703282,modified
1305,2.596054151772745,modified
1306,2.5971759098658658,modified
1307,2.9974757048577786,modified
1308,2.597852355317874,modified
1309,2.598040504845692,modified
1310,2.5982840190865897,modified
1311,2.599323769820382,modified