n,plugin,get_time,activation_time,mode
1,001-prime-strategy-translate-accelerator,0.022705793380737305,1.2148716449737549,modified
2,301-redirects,0.012161970138549805,1.607203722000122,modified
3,404-redirected,0.020582914352416992,1.5181138515472412,modified
4,404-redirection,0.020885705947875977,0.6669142246246338,modified
5,404-to-301,0.2641103267669678,1.7182626724243164,modified
6,404-to-start,0.018652915954589844,1.8096106052398682,modified
7,404page,0.015842676162719727,0.7503490447998047,modified
8,a2-optimized-wp,0.01888561248779297,1.20866060256958,modified
9,a3-lazy-load,0.25103330612182617,1.8872299194335938,default
10,above-the-fold-optimization,0.3288249969482422,1.2408256530761719,default
11,accelerated-mobile-pages,0.8209474086761475,0.8862297534942627,modified
12,accesspress-instagram-feed,0.19518828392028809,0.8082790374755859,default
13,accesspress-social-counter,0.09752535820007324,0.7855632305145264,default
14,accesspress-social-icons,0.10721111297607422,3.3940956592559814,default
15,accesspress-social-login-lite,0.12388896942138672,1.7691526412963867,default
16,accesspress-social-share,0.0243685245513916,0.9463233947753906,default
17,accesspress-twitter-feed,0.1923370361328125,0.7937932014465332,default
18,accordion-shortcodes,0.013057947158813477,0.6945834159851074,modified
19,accordions,0.015009164810180664,0.7640631198883057,default
20,acf-content-analysis-for-yoast-seo,0.020172834396362305,0.7781202793121338,modified
21,acf-field-date-time-picker,0.026337862014770508,0.8188045024871826,modified
22,acf-image-crop-add-on,0.016823291778564453,0.6995093822479248,modified
23,acf-qtranslate,0.026106595993041992,0.7416012287139893,modified
24,activecampaign-subscription-forms,0.017509937286376953,0.795529842376709,default
25,acurax-social-media-widget,0.1187591552734375,0.8624517917633057,default
26,ad-injection,0.11730003356933594,0.7526824474334717,modified
27,ad-inserter,0.14130425453186035,0.8218386173248291,modified
28,ad-widget,0.20398855209350586,0.9943015575408936,modified
29,add-category-to-pages,0.011293172836303711,0.7499074935913086,modified
30,add-from-server,0.011629343032836914,0.6900396347045898,modified
31,add-link-to-facebook,0.33301782608032227,1.5454292297363281,default
32,add-logo-to-admin,0.02180194854736328,1.0676493644714355,modified
33,add-meta-tags,0.14348363876342773,0.6818923950195312,default
34,add-to-any,0.21017909049987793,0.7518832683563232,default
35,addfunc-head-footer-code,0.023177623748779297,0.6922175884246826,default
36,addon-elements-for-elementor-page-builder,0.022164583206176758,0.6956367492675781,default
37,addon-so-widgets-bundle,0.013361692428588867,0.9388427734375,default
38,addons-for-visual-composer,0.0343015193939209,0.7203202247619629,default
39,addquicktag,0.021960020065307617,0.6754653453826904,modified
40,addthis,0.4472975730895996,1.470200777053833,default
41,addthis-follow,0.03611469268798828,1.0209589004516602,default
42,admin-custom-login,0.02287125587463379,1.506913185119629,modified
43,admin-management-xtended,0.024949073791503906,0.689140796661377,modified
44,admin-menu-editor,0.020856380462646484,0.7224419116973877,modified
45,admin-menu-tree-page-view,0.020800352096557617,0.6546776294708252,modified
46,admin-post-navigation,0.020375967025756836,0.6742053031921387,modified
47,adminimize,0.02304220199584961,0.8508098125457764,modified
48,adrotate,0.016844749450683594,1.5475592613220215,modified
49,adsense-manager,0.02788519859313965,1.1372992992401123,modified
50,advanced-access-manager,0.11868715286254883,2.998798131942749,default
51,advanced-ads,0.3590364456176758,1.368403434753418,modified
52,advanced-code-editor,0.015307426452636719,0.8273017406463623,modified
53,advanced-custom-fields,0.034488677978515625,0.8310999870300293,modified
54,advanced-custom-fields-font-awesome,0.02207469940185547,0.7056024074554443,modified
55,advanced-database-cleaner,0.01278829574584961,0.8288350105285645,modified
56,advanced-excerpt,0.15534257888793945,0.7203831672668457,default
57,advanced-iframe,0.013034820556640625,1.0517773628234863,default
58,advanced-image-styles,0.020544052124023438,0.722379207611084,modified
59,advanced-menu-widget,0.13116073608398438,0.9125518798828125,modified
60,advanced-post-slider,0.2028944492340088,2.743622303009033,default
61,advanced-random-posts-widget,0.13789772987365723,0.6656391620635986,modified
62,advanced-recent-posts,0.02200007438659668,0.7246620655059814,default
63,advanced-responsive-video-embedder,0.030321836471557617,0.7864894866943359,default
64,advanced-sidebar-menu,0.19729304313659668,0.7187042236328125,modified
65,advanced-text-widget,0.12843537330627441,0.9017736911773682,modified
66,advanced-wp-columns,0.014206886291503906,0.8296189308166504,default
67,advanced-wp-reset,0.021379709243774414,0.8250734806060791,modified
68,affilinet-performance-module,0.11499404907226562,0.7272214889526367,modified
69,ag-custom-admin,0.026282548904418945,0.7068188190460205,modified
70,ajax-load-more,0.02708268165588379,1.4361209869384766,default
71,ajax-search-lite,0.1198124885559082,0.8952586650848389,default
72,ajax-thumbnail-rebuild,0.024702072143554688,0.6943342685699463,modified
73,akismet,0.10327577590942383,0.7317514419555664,modified
74,akismet-privacy-policies,0.024976730346679688,0.6756324768066406,modified
75,all-404-redirect-to-homepage,0.01689600944519043,0.6875388622283936,modified
76,all-in-one-event-calendar,5.852240800857544,4.8202314376831055,default
77,all-in-one-favicon,0.1281578540802002,0.6760704517364502,default
78,all-in-one-schemaorg-rich-snippets,0.029157638549804688,2.074331521987915,default
79,all-in-one-seo-pack,0.32866382598876953,0.8991861343383789,default
80,all-in-one-webmaster,0.025699853897094727,2.7747550010681152,default
81,all-in-one-wp-migration,0.04232907295227051,0.7171814441680908,modified
82,all-in-one-wp-security-and-firewall,0.1269392967224121,4.410650253295898,modified
83,allow-php-in-posts-and-pages,34.35240578651428,1.9120995998382568,modified
84,amazon-associates-link-builder,0.43083691596984863,1.4101085662841797,default
85,amazon-s3-and-cloudfront,0.016478538513183594,0.8291609287261963,modified
86,amazon-web-services,0.017474889755249023,0.5980737209320068,modified
87,amazonjs,0.02059316635131836,1.2145781517028809,default
88,amp,0.020784378051757812,0.7039403915405273,modified
89,amr-shortcode-any-widget,0.020751237869262695,0.6937131881713867,modified
90,analytics-code,0.39625978469848633,0.688929557800293,modified
91,analytics-counter,0.7763404846191406,4.6386988162994385,modified
92,animate-it,0.4531285762786865,1.9001142978668213,default
93,anti-spam,0.011525630950927734,0.7249197959899902,modified
94,antispam-bee,0.028818845748901367,1.0001945495605469,modified
95,antivirus,0.012869119644165039,1.213785171508789,modified
96,any-mobile-theme-switcher,0.02080821990966797,0.8756542205810547,modified
97,api-key-for-google-maps,0.022282123565673828,0.6838459968566895,modified
98,aqua-page-builder,0.02436971664428711,0.7048192024230957,default
99,aryo-activity-log,0.02604985237121582,2.0568044185638428,modified
100,asesor-cookies-para-la-ley-en-espana,0.027437925338745117,0.7171981334686279,default
101,async-javascript,0.11639523506164551,0.7547447681427002,modified
102,attachments,0.02826976776123047,0.7036952972412109,modified
103,audit-trail,0.01628851890563965,1.5495471954345703,modified
104,auto-post-thumbnail,0.01162862777709961,0.6812455654144287,modified
105,auto-terms-of-service-and-privacy-policy,0.14665889739990234,2.410356044769287,modified
106,autodescription,0.13894200325012207,0.8098230361938477,default
107,automatic-updater,0.0162661075592041,0.7790391445159912,modified
108,autoptimize,0.030713558197021484,1.0447745323181152,modified
109,awesome-weather,0.20830869674682617,0.7873320579528809,default
110,backlinks-saver,0.021378278732299805,0.686800479888916,modified
111,backup,0.03187060356140137,3.180859088897705,modified
112,backupwordpress,0.053609609603881836,0.6894395351409912,modified
113,backwpup,3.8318870067596436,0.8122761249542236,default
114,baidu-sitemap-generator,0.36045193672180176,0.8322722911834717,modified
115,baw-login-logout-menu,0.022988557815551758,0.7822825908660889,modified
116,baw-post-views-count,0.018172264099121094,0.9652388095855713,default
117,bbpress,1.1765780448913574,1.0353765487670898,default
118,beaver-builder-lite-version,0.053461313247680664,0.6950266361236572,modified
119,better-analytics,0.2686491012573242,1.3996684551239014,default
120,better-click-to-tweet,0.18870830535888672,0.8032281398773193,default
121,better-delete-revision,0.02130722999572754,0.7863826751708984,modified
122,better-font-awesome,1.094184160232544,0.6935336589813232,default
123,better-search-replace,0.0132293701171875,0.7277412414550781,modified
124,better-wp-security,0.03794741630554199,4.971191167831421,modified
125,bj-lazy-load,0.04167342185974121,0.70701003074646,default
126,black-studio-tinymce-widget,0.11936664581298828,0.7777454853057861,modified
127,block-bad-queries,0.022572040557861328,0.8054459095001221,modified
128,blog-designer,0.15848255157470703,0.7223381996154785,default
129,blogger-importer,0.012923717498779297,0.7316019535064697,modified
130,blogvault-real-time-backup,0.0221402645111084,1.2683343887329102,modified
131,bm-custom-login,0.014034271240234375,0.7962961196899414,modified
132,booking,0.24253511428833008,25.72088313102722,default
133,bootstrap-3-shortcodes,0.02839970588684082,0.6884469985961914,modified
134,bootstrap-for-contact-form-7,0.02464890480041504,0.7792091369628906,modified
135,bootstrap-shortcodes,0.19779586791992188,0.7717745304107666,default
136,breadcrumb-navxt,0.17009758949279785,0.6863729953765869,modified
137,breadcrumb-trail,0.0263211727142334,0.697739839553833,default
138,breadcrumbs,0.022705078125,0.811694860458374,modified
139,broken-link-checker,0.044641733169555664,11.673515796661377,default
140,brute-force-login-protection,0.022836923599243164,0.9431393146514893,modified
141,buddypress,0.10055947303771973,4.706308364868164,default
142,buddypress-media,10.748421430587769,0.7179586887359619,default
143,bulk-delete,0.03180813789367676,0.7324974536895752,modified
144,bulk-page-creator,0.021365642547607422,0.8103792667388916,modified
145,bulletproof-security,0.26525306701660156,0.755281925201416,modified
146,business-directory-plugin,8.234938144683838,1.1206550598144531,default
147,buttons-shortcode-and-widget,0.13722944259643555,0.6873621940612793,default
148,bwp-google-xml-sitemaps,0.02957630157470703,0.6912429332733154,modified
149,bwp-minify,0.028672218322753906,0.7194042205810547,default
150,bwp-recaptcha,0.05085420608520508,0.7107090950012207,default
151,cache-enabler,0.031134843826293945,1.0518701076507568,modified
152,cachify,0.21320748329162598,0.897258996963501,modified
153,calculated-fields-form,0.033794403076171875,4.216252088546753,modified
154,calculated-fields-form-bk,0.011534690856933594,1.1717956066131592,modified
155,caldera-forms,0.2452850341796875,12.838703870773315,modified
156,calendar,0.02811455726623535,11.052253007888794,default
157,call-now-button,0.02349066734313965,0.9240636825561523,modified
158,capability-manager-enhanced,0.13121318817138672,0.7676117420196533,modified
159,capsman,0.024078369140625,1.3324611186981201,default
160,captcha,0.02635931968688965,4.6368889808654785,default
161,cardoza-facebook-like-box,0.1114187240600586,1.173722505569458,default
162,carousel-horizontal-posts-content-slider,0.24269390106201172,1.110490322113037,default
163,carousel-slider,0.1278681755065918,0.9735677242279053,modified
164,carousel-without-jetpack,0.08217573165893555,0.7477498054504395,modified
165,catch-ids,0.020618677139282227,0.678511381149292,modified
166,categories-images,0.02358555793762207,0.6661686897277832,modified
167,category-posts,0.14076733589172363,0.8723247051239014,modified
168,cbnet-ping-optimizer,0.017087936401367188,0.6778721809387207,modified
169,cf7-conditional-fields,0.021939992904663086,0.6967358589172363,modified
170,cforms2,0.13160443305969238,1.1513500213623047,default
171,check-and-enable-gzip-compression,0.02118372917175293,0.6879372596740723,modified
172,check-email,0.030963659286499023,0.7971231937408447,modified
173,cherry-sidebars,0.0156857967376709,0.7036023139953613,modified
174,cherry-testi,0.027799606323242188,0.7326679229736328,default
175,child-theme-configurator,0.04224133491516113,0.8932075500488281,default
176,child-themify,0.023234844207763672,0.6702315807342529,modified
177,cimy-user-extra-fields,0.03538918495178223,0.8866183757781982,modified
178,ckeditor-for-wordpress,0.12466740608215332,0.7842144966125488,modified
179,clean-and-simple-contact-form-by-meg-nicholas,0.024916887283325195,1.0730457305908203,modified
180,cleantalk-spam-protect,0.11820125579833984,2.3329596519470215,default
181,clickfunnels,0.177138090133667,0.8990678787231445,default
182,clicky,0.1509721279144287,0.6664924621582031,modified
183,clone-posts,0.020006179809570312,0.9139916896820068,modified
184,cloudflare,0.0521240234375,0.7616260051727295,modified
185,cloudflare-flexible-ssl,0.018079757690429688,0.7118360996246338,modified
186,cmb2,0.03027939796447754,0.6628196239471436,modified
187,cms-commander-client,0.029061079025268555,0.774242639541626,modified
188,cms-tree-page-view,0.017457962036132812,1.3308210372924805,modified
189,co-authors-plus,0.15693974494934082,0.8602409362792969,default
190,code-snippets,1.0274524688720703,0.9853899478912354,modified
191,codelights-shortcodes-and-widgets,0.7243161201477051,0.7562010288238525,modified
192,codepeople-post-map,0.02796196937561035,0.9459629058837891,default
193,codepress-admin-columns,0.07727718353271484,2.132488250732422,modified
194,column-shortcodes,0.023980379104614258,0.7570421695709229,default
195,columns,0.016948461532592773,0.7009532451629639,default
196,comet-cache,0.28881359100341797,0.9163722991943359,default
197,coming-soon,0.019611358642578125,1.315725326538086,modified
198,coming-soon-maintenance-mode-from-acurax,0.24219179153442383,0.9660663604736328,modified
199,coming-soon-page,0.030783653259277344,0.8432986736297607,modified
200,commentluv,0.024804115295410156,1.000495195388794,default
201,comments-from-facebook,0.025776386260986328,0.7225222587585449,default
202,compact-wp-audio-player,0.021984100341796875,0.6804735660552979,default
203,comprehensive-google-map-plugin,0.12042784690856934,1.1762208938598633,default
204,conditional-widgets,0.02347588539123535,0.6877870559692383,modified
205,configure-smtp,0.017391443252563477,1.0396459102630615,modified
206,constant-contact-forms,0.1689298152923584,0.7051868438720703,default
207,contact-bank,0.13172078132629395,0.7740209102630615,default
208,contact-form-7,0.024755477905273438,2.148509979248047,default
209,contact-form-7-add-confirm,0.04399752616882324,0.7108321189880371,modified
210,contact-form-7-datepicker,0.026781558990478516,0.8730947971343994,modified
211,contact-form-7-dynamic-text-extension,0.02537393569946289,0.6682991981506348,modified
212,contact-form-7-honeypot,0.016374826431274414,0.7170546054840088,modified
213,contact-form-7-mailchimp-extension,0.027096033096313477,0.7972347736358643,modified
214,contact-form-7-skins,0.02194380760192871,0.7920327186584473,modified
215,contact-form-7-style,8.908076763153076,0.7461192607879639,default
216,contact-form-7-success-page-redirects,0.02363109588623047,1.033564805984497,modified
217,contact-form-7-widget,0.12729382514953613,0.7771551609039307,modified
218,contact-form-add,0.015337467193603516,2.2099106311798096,default
219,contact-form-builder,0.1584794521331787,13.550738334655762,modified
220,contact-form-by-supsystic,0.14508461952209473,11.7149498462677,modified
221,contact-form-cfdb7,0.02333855628967285,1.5203666687011719,modified
222,contact-form-maker,0.5443966388702393,10.888137340545654,default
223,contact-form-plugin,0.2537693977355957,3.3584258556365967,default
224,contact-form-submissions,0.020632505416870117,0.7107417583465576,modified
225,contact-form-to-email,0.11973214149475098,2.146280527114868,modified
226,contact-widgets,0.2369403839111328,0.7255105972290039,modified
227,content-aware-sidebars,0.6273543834686279,2.724346399307251,modified
228,content-views-query-and-display-post-page,0.02400660514831543,0.8093748092651367,default
229,contextual-related-posts,0.2464888095855713,25.04198122024536,default
230,cookie-law-info,0.13693571090698242,0.8354992866516113,default
231,cookie-notice,0.13778996467590332,0.9432029724121094,default
232,cookies-for-comments,0.022855281829833984,0.6900849342346191,modified
233,cornerstone,0.2971937656402588,0.9135067462921143,default
234,count-per-day,0.5539686679840088,2.322521686553955,default
235,counterize,0.04685235023498535,0.8476924896240234,default
236,cpo-content-types,0.02935957908630371,0.8244936466217041,modified
237,cpt-bootstrap-carousel,0.02693772315979004,0.7153346538543701,modified
238,crayon-syntax-highlighter,0.050334930419921875,1.1067304611206055,default
239,crazy-bone,0.022792577743530273,2.0910487174987793,modified
240,crazyegg-heatmap-tracking,0.020664453506469727,0.695366382598877,modified
241,crelly-slider,0.0265042781829834,3.588933229446411,default
242,crop-thumbnails,0.1390385627746582,0.708928108215332,modified
243,cryout-theme-settings,0.023472309112548828,0.7227687835693359,modified
244,css-javascript-toolbox,0.07326436042785645,0.9265563488006592,modified
245,csv-importer,0.023465871810913086,0.6899852752685547,modified
246,custom-contact-forms,0.1526491641998291,0.9070165157318115,default
247,custom-css-js,0.023057937622070312,0.7721185684204102,modified
248,custom-facebook-feed,0.2225193977355957,1.6082406044006348,default
249,custom-favicon,0.022512197494506836,0.9453692436218262,modified
250,custom-field-suite,2.341708183288574,0.7623789310455322,modified
251,custom-field-template,0.13267755508422852,0.7707662582397461,modified
252,custom-login,0.29469966888427734,0.8027899265289307,default
253,custom-menu-wizard,0.13688969612121582,0.9478695392608643,modified
254,custom-meta-widget,0.14399933815002441,0.7167298793792725,default
255,custom-permalinks,0.022231101989746094,0.8322081565856934,modified
256,custom-post-template,0.021975040435791016,0.6904828548431396,modified
257,custom-post-type-permalinks,0.6529502868652344,0.9992663860321045,modified
258,custom-post-type-ui,0.08053112030029297,1.0069727897644043,modified
259,custom-post-widget,0.2097620964050293,0.7824625968933105,modified
260,custom-share-buttons-with-floating-sidebar,0.01961517333984375,0.911102294921875,modified
261,custom-sidebars,0.022714614868164062,1.0152053833007812,modified
262,custom-taxonomy-order-ne,0.0245206356048584,3.0475950241088867,modified
263,custom-user-profile-photo,0.02242422103881836,0.6990342140197754,modified
264,customify,0.03132033348083496,0.9571452140808105,default
265,customizer-export-import,0.018033504486083984,0.785750150680542,modified
266,cyclone-slider,0.17760252952575684,0.7670073509216309,default
267,cyclone-slider-2,0.03282809257507324,0.7546765804290771,default
268,cyr2lat,0.1273508071899414,0.8066883087158203,modified
269,cyr3lat,0.15665602684020996,0.7790682315826416,modified
270,data-tables-generator-by-supsystic,5.2669219970703125,0.9371511936187744,modified
271,db-cache-reloaded-fix,0.01903223991394043,1.1882867813110352,modified
272,debug-bar,0.02535104751586914,0.7079036235809326,modified
273,delete-pending-comments,0.020357370376586914,0.701052188873291,modified
274,dirtysuds-embed-pdf,0.022825002670288086,0.9780020713806152,modified
275,disable-comments,0.04164862632751465,0.9435005187988281,modified
276,disable-emojis,0.45023512840270996,1.975691318511963,default
277,disable-feeds,0.024871110916137695,0.701958417892456,default
278,disable-google-fonts,0.015427350997924805,0.8007781505584717,default
279,disable-json-api,0.09850502014160156,0.7878382205963135,default
280,disable-wordpress-core-update,0.017369747161865234,0.724947452545166,modified
281,disable-xml-rpc,0.013179302215576172,0.7209537029266357,modified
282,disable-xml-rpc-pingback,0.015377283096313477,0.8682332038879395,modified
283,display-posts-shortcode,0.020760536193847656,0.7801792621612549,modified
284,disqus-comment-system,0.12339019775390625,0.7712218761444092,modified
285,ditty-news-ticker,0.14356136322021484,5.654717683792114,default
286,dk-pricr-responsive-pricing-table,0.02555251121520996,0.7334966659545898,default
287,document-gallery,0.027187585830688477,1.4096074104309082,default
288,download-manager,1.043936014175415,2.6466846466064453,default
289,download-monitor,0.16020727157592773,0.8134887218475342,default
290,drafts-scheduler,0.023674726486206055,0.9747998714447021,modified
291,dropbox-backup,0.045876502990722656,0.8982527256011963,modified
292,dropdown-menu-widget,0.1239020824432373,1.2385923862457275,default
293,duplicate-menu,0.016168594360351562,0.7410175800323486,modified
294,duplicate-page,0.03969621658325195,0.9441108703613281,modified
295,duplicate-page-and-post,0.015677452087402344,0.6974658966064453,modified
296,duplicate-post,0.015045166015625,0.7245559692382812,modified
297,duplicator,0.10316777229309082,0.7676253318786621,modified
298,duracelltomi-google-tag-manager,0.01914381980895996,0.7862730026245117,default
299,dw-question-answer,1.4711613655090332,7.998478412628174,default
300,dynamic-featured-image,0.02109074592590332,0.9892175197601318,modified
301,dynamic-to-top,0.021738529205322266,0.689455509185791,default
302,dynamic-widgets,0.025987625122070312,1.9845225811004639,default
303,easing-slider,0.17650175094604492,5.947898626327515,default
304,easy-adsense-lite,0.7661285400390625,1.095599889755249,default
305,easy-bootstrap-shortcodes,0.1335923671722412,2.454050302505493,default
306,easy-columns,0.02155900001525879,0.9471006393432617,default
307,easy-coming-soon,0.03425717353820801,0.7102828025817871,default
308,easy-custom-auto-excerpt,0.07607269287109375,0.8407375812530518,default
309,easy-custom-sidebars,0.07292699813842773,0.8579263687133789,modified
310,easy-digital-downloads,1.0095951557159424,37.60528111457825,default
311,easy-facebook-likebox,0.4059295654296875,0.9462075233459473,default
312,easy-fancybox,0.027251005172729492,0.780092716217041,default
313,easy-google-fonts,0.16925930976867676,0.7462158203125,default
314,easy-image-gallery,0.22482967376708984,0.7650802135467529,modified
315,easy-media-download,0.11945819854736328,0.736363410949707,modified
316,easy-modal,4.41949987411499,0.703416109085083,default
317,easy-pie-maintenance-mode,0.17683720588684082,0.7760331630706787,modified
318,easy-pricing-tables,0.06107330322265625,0.9242162704467773,modified
319,easy-smooth-scroll-links,0.014763593673706055,0.6984002590179443,default
320,easy-social-icons,0.13353848457336426,4.142609119415283,default
321,easy-social-share-buttons,0.021835803985595703,0.858252763748169,default
322,easy-testimonials,0.018126487731933594,1.3635971546173096,modified
323,easy-theme-and-plugin-upgrades,0.014286041259765625,1.1898276805877686,modified
324,easy-twitter-feed-widget,0.15065407752990723,0.770885705947876,default
325,easy-video-player,0.020737886428833008,0.946671724319458,default
326,easy-watermark,0.1244192123413086,2.847801685333252,modified
327,easy-wp-smtp,0.04898548126220703,0.9220290184020996,modified
328,easyazon,0.2077162265777588,0.6991407871246338,modified
329,ecwid-shopping-cart,1.7805898189544678,5.006870985031128,default
330,edit-author-slug,0.0303189754486084,0.7196688652038574,modified
331,editorial-calendar,0.024309396743774414,0.7102727890014648,modified
332,eig-sso,0.026790142059326172,1.5915329456329346,modified
333,elementor,0.03325295448303223,0.7110879421234131,default
334,elementor-templater,0.024720430374145508,0.6989305019378662,default
335,email-address-encoder,0.02113056182861328,0.71254563331604,modified
336,email-encoder-bundle,0.02285933494567871,0.7880043983459473,default
337,email-subscribers,0.397036075592041,4.090622663497925,default
338,email-users,0.10872578620910645,6.55931544303894,modified
339,embed-any-document,0.02567148208618164,0.7572946548461914,modified
340,enable-media-replace,0.024599075317382812,0.821774959564209,modified
341,enhanced-e-commerce-for-woocommerce-store,0.028689146041870117,0.7114636898040771,modified
342,enhanced-media-library,1.174515962600708,0.757765531539917,modified
343,enhanced-text-widget,0.15086007118225098,0.690786600112915,modified
344,enjoy-instagram-instagram-responsive-images-gallery-and-carousel,0.2662348747253418,2.8491547107696533,default
345,entry-views,0.1314682960510254,0.6892149448394775,modified
346,envira-gallery-lite,0.052557945251464844,0.6970241069793701,modified
347,erident-custom-login-and-dashboard,0.025255918502807617,0.8009881973266602,modified
348,eu-cookie-law,0.02290177345275879,0.7434029579162598,default
349,event-calendar-wd,0.8010001182556152,0.7383689880371094,default
350,event-list,0.1294994354248047,0.707756757736206,modified
351,event-organiser,0.6536593437194824,4.280445337295532,modified
352,event-tickets,0.5143680572509766,0.9879837036132812,default
353,events-manager,0.3813929557800293,0.8656196594238281,default
354,ewww-image-optimizer,0.03505110740661621,1.0475308895111084,modified
355,exclude-pages,0.026378631591796875,0.7553927898406982,modified
356,exploit-scanner,0.030123472213745117,1.1428189277648926,modified
357,export-user-data,0.02591729164123535,0.6914803981781006,modified
358,extended-categories-widget,5.741522312164307,0.7099895477294922,modified
359,facebook-auto-publish,0.03656768798828125,3.948784589767456,modified
360,facebook-button-plugin,0.27491211891174316,0.8770232200622559,default
361,facebook-by-weblizar,0.1532747745513916,0.761239767074585,modified
362,facebook-comments-plugin,0.01515340805053711,0.7068078517913818,modified
363,facebook-conversion-pixel,0.026234865188598633,0.7995851039886475,modified
364,facebook-like-box-widget,0.12697839736938477,0.6997470855712891,modified
365,facebook-members,0.022290468215942383,4.3744957447052,modified
366,facebook-page-feed-graph-api,0.14030957221984863,0.7335941791534424,modified
367,facebook-page-promoter-lightbox,0.014268875122070312,0.8390953540802002,modified
368,facebook-pagelike-widget,0.14171648025512695,0.7657506465911865,modified
369,facebook-thumb-fixer,0.027524948120117188,0.9555068016052246,default
370,famethemes-demo-importer,0.026185035705566406,0.7453372478485107,modified
371,fancy-box,0.024784326553344727,0.6998512744903564,default
372,fancybox-for-wordpress,0.025139808654785156,1.012087106704712,default
373,far-future-expiry-header,0.023936033248901367,0.7215898036956787,modified
374,fast-velocity-minify,2.568464756011963,0.8559768199920654,default
375,faster-image-insert,0.015235424041748047,0.7513792514801025,modified
376,favicon-by-realfavicongenerator,0.022856950759887695,0.7550032138824463,modified
377,favicon-rotator,0.021795034408569336,0.7101826667785645,default
378,favicon-xt-manager,0.01852273941040039,0.870124101638794,default
379,fb-instant-articles,0.0532839298248291,0.7546484470367432,default
380,featured-content-gallery,0.01876688003540039,0.693225622177124,default
381,featured-images-for-rss-feeds,0.6031837463378906,2.3242874145507812,modified
382,featured-video-plus,0.025304079055786133,0.7116284370422363,default
383,features-by-woothemes,0.14580917358398438,0.8414723873138428,default
384,feed-them-social,0.41936469078063965,0.8617303371429443,default
385,feedburner-plugin,0.02397012710571289,0.7093470096588135,modified
386,feedwordpress,0.04796004295349121,1.7222819328308105,modified
387,feedzy-rss-feeds,0.3595578670501709,1.0062739849090576,default
388,file-manager,0.022337675094604492,0.8538322448730469,modified
389,final-tiles-grid-gallery-lite,0.16652798652648926,2.3383145332336426,default
390,flagallery-skins,0.020784616470336914,1.1683757305145264,modified
391,flamingo,0.030063629150390625,2.8483102321624756,modified
392,flash-album-gallery,3.00775146484375,0.982177734375,default
393,flexi-pages-widget,0.24733924865722656,0.7085680961608887,modified
394,flexible-posts-widget,0.4744396209716797,0.6823177337646484,modified
395,flickr-badges-widget,0.12776589393615723,0.6881330013275146,modified
396,flickr-rss,0.020085811614990234,0.8184411525726318,modified
397,floating-social-bar,0.028465986251831055,0.9216713905334473,modified
398,floating-social-media-icon,0.036969661712646484,1.043931484222412,default
399,font,0.028612852096557617,5.55427360534668,default
400,font-awesome,0.02647233009338379,0.7103569507598877,default
401,font-awesome-4-menus,0.025224685668945312,0.899616003036499,default
402,font-organizer,0.03049612045288086,2.3807966709136963,modified
403,fonts,0.022855043411254883,0.709813117980957,modified
404,foobox-image-lightbox,0.5352568626403809,3.037195920944214,default
405,foogallery,0.5578563213348389,5.018514394760132,modified
406,footer-putter,0.2841336727142334,0.7109427452087402,default
407,force-regenerate-thumbnails,0.023778676986694336,0.7791190147399902,modified
408,forget-about-shortcode-buttons,0.02505779266357422,0.7154126167297363,default
409,form-maker,0.22763419151306152,0.7520763874053955,default
410,formget-contact-form,0.14260530471801758,0.7475652694702148,default
411,formidable,0.34908342361450195,0.7334661483764648,default
412,forms-contact,0.14470362663269043,9.404921054840088,default
413,fourteen-colors,0.014544963836669922,0.6814627647399902,modified
414,fruitful-shortcodes,0.026341915130615234,0.7030127048492432,default
415,fully-background-manager,0.02707839012145996,0.8220827579498291,default
416,fv-top-level-cats,0.14514398574829102,0.8291053771972656,modified
417,fv-wordpress-flowplayer,0.1599254608154297,0.8275377750396729,modified
418,ga-google-analytics,0.019583463668823242,0.8396317958831787,modified
419,gallery-bank,0.5401308536529541,2.5656192302703857,modified
420,gallery-by-supsystic,0.6013305187225342,11.500109195709229,modified
421,gallery-images,0.4913358688354492,2.5642282962799072,modified
422,gallery-plugin,0.9116306304931641,0.8901774883270264,default
423,gallery-video,0.14389514923095703,11.324044227600098,modified
424,gantry,0.023589611053466797,0.7823104858398438,modified
425,genesis-columns-advanced,0.025105714797973633,0.7942965030670166,default
426,genesis-connect-woocommerce,0.017372608184814453,1.152435302734375,modified
427,genesis-enews-extended,0.27536582946777344,0.7888193130493164,default
428,genesis-favicon-uploader,1.1685936450958252,1.1371073722839355,modified
429,genesis-responsive-slider,0.027100086212158203,2.280003070831299,modified
430,genesis-simple-edits,0.02822422981262207,0.677130937576294,modified
431,genesis-simple-hooks,0.028448104858398438,0.834740400314331,modified
432,genesis-simple-share,0.023398876190185547,0.7661681175231934,modified
433,genesis-simple-sidebars,0.04315018653869629,0.6968369483947754,modified
434,genesis-title-toggle,0.020572185516357422,1.1970300674438477,modified
435,genesis-translations,0.020601749420166016,1.1703834533691406,modified
436,get-the-image,0.024072647094726562,0.7032952308654785,modified
437,gigpress,0.13289403915405273,4.527771472930908,default
438,give,0.7487525939941406,31.374505758285522,default
439,glue-for-yoast-seo-amp,0.16104936599731445,1.0642890930175781,modified
440,gmail-smtp,0.10382747650146484,0.7788991928100586,modified
441,gmap-embed,0.29421472549438477,0.7608237266540527,default
442,go-live-update-urls,0.021740436553955078,0.766334056854248,modified
443,godaddy-email-marketing-sign-up-forms,0.16342663764953613,0.6998941898345947,default
444,google-analyticator,0.01691460609436035,4.493027687072754,modified
445,google-analytics-dashboard-for-wp,0.14564728736877441,1.9388134479522705,modified
446,google-analytics-for-wordpress,0.9864757061004639,1.0207710266113281,default
447,google-authenticator,0.024974822998046875,0.921790361404419,modified
448,google-calendar-events,0.021010637283325195,0.7468235492706299,modified
449,google-captcha,2.395902395248413,0.9717388153076172,default
450,google-document-embedder,0.02159285545349121,1.7700681686401367,modified
451,google-image-sitemap,0.02331233024597168,0.7765815258026123,modified
452,google-language-translator,0.18844008445739746,4.291220664978027,default
453,google-map-shortcode,0.16034221649169922,0.7322871685028076,default
454,google-maps,0.3133687973022461,8.964939594268799,default
455,google-maps-builder,0.15949606895446777,1.1302776336669922,default
456,google-maps-easy,0.3014068603515625,14.505770683288574,modified
457,google-maps-widget,0.14858269691467285,1.3578672409057617,modified
458,google-pagespeed-insights,0.4723317623138428,0.7023732662200928,modified
459,google-sitemap-generator,0.13437342643737793,0.8247466087341309,modified
460,google-sitemap-plugin,0.42731428146362305,0.8726711273193359,modified
461,google-tag-manager,0.025341033935546875,0.787750244140625,modified
462,google-universal-analytics,0.02778339385986328,0.6931424140930176,modified
463,google-xml-sitemaps-v3-for-qtranslate,0.026469707489013672,0.7231159210205078,modified
464,googleanalytics,0.020404815673828125,1.2039892673492432,modified
465,gotmls,0.029807090759277344,0.694209098815918,modified
466,grand-media,0.767099142074585,0.722576379776001,default
467,gravity-forms-css-ready-selector,0.02103877067565918,0.7113385200500488,modified
468,gravity-forms-custom-post-types,0.025177717208862305,0.7208118438720703,modified
469,gravity-forms-no-captcha-recaptcha,0.02786564826965332,0.7536706924438477,modified
470,gravity-forms-pdf-extended,0.025907516479492188,0.7215259075164795,modified
471,gravity-forms-placeholders,0.022364139556884766,0.779876708984375,default
472,groups,0.4786040782928467,35.05354571342468,modified
473,growmap-anti-spambot-plugin,0.024386882781982422,0.7565574645996094,modified
474,gtranslate,0.14636588096618652,0.8734145164489746,default
475,gwolle-gb,0.033930063247680664,1.3655338287353516,default
476,gzip-ninja-speed-compression,0.02499246597290039,0.7924582958221436,modified
477,hc-custom-wp-admin-url,0.02313971519470215,0.7079718112945557,modified
478,head-cleaner,0.034060001373291016,0.7325005531311035,default
479,head-footer-code,0.0191953182220459,0.7176244258880615,modified
480,header-and-footer-scripts,0.023333072662353516,0.7212681770324707,modified
481,header-footer,0.034143924713134766,0.7242343425750732,default
482,headspace2,0.028979063034057617,0.7018618583679199,default
483,heartbeat-control,0.023920059204101562,0.7019922733306885,modified
484,hello-dolly,0.02246689796447754,0.7202451229095459,modified
485,hello.php,0.014635324478149414,0.7318553924560547,modified
486,hide-admin-bar,0.02466440200805664,0.7223720550537109,modified
487,hide-admin-bar-from-non-admins,0.028677940368652344,0.7424564361572266,modified
488,hide-featured-image,0.0265657901763916,0.7551321983337402,modified
489,hide-my-site,0.6986267566680908,0.7331142425537109,modified
490,hide-plugin-updates-notifications,0.1374518871307373,0.9287309646606445,modified
491,hide-title,0.025293827056884766,0.7101314067840576,modified
492,hide-youtube-related-videos,0.026223421096801758,0.6991124153137207,modified
493,homepage-control,0.02831125259399414,0.8208286762237549,modified
494,horizontal-scrolling-announcement,0.14146018028259277,1.7773158550262451,modified
495,hotfix,0.027643203735351562,0.9761357307434082,modified
496,html-editor-syntax-highlighter,0.027913570404052734,0.7431933879852295,modified
497,html-on-pages,0.026394367218017578,0.6990993022918701,modified
498,html-sitemap,0.025922536849975586,0.7276227474212646,modified
499,https-redirection,0.025562047958374023,0.7984306812286377,modified
500,hubspot-tracking-code,0.022167205810546875,0.7502932548522949,modified
501,hueman-addons,0.0271151065826416,0.7443041801452637,modified
502,hupso-share-buttons-for-twitter-facebook-google,0.14470505714416504,0.9873936176300049,default
503,hyper-cache,0.031461477279663086,0.9543237686157227,default
504,icegram,0.05993795394897461,0.8165555000305176,default
505,if-menu,0.02825641632080078,0.7104332447052002,modified
506,ifeature-slider,0.026573896408081055,0.7686259746551514,default
507,iframe,0.025139570236206055,0.7097644805908203,modified
508,igniteup,0.03687286376953125,1.8645532131195068,default
509,illdy-companion,0.8424160480499268,0.7016544342041016,modified
510,image-slider-widget,0.3338048458099365,0.9701242446899414,default
511,image-watermark,6.463605880737305,0.9297294616699219,modified
512,image-widget,0.14467334747314453,0.752251386642456,modified
513,imagemagick-engine,0.1597292423248291,0.8443288803100586,modified
514,imagify,0.44260716438293457,0.7874836921691895,modified
515,import-users-from-csv-with-meta,0.027653217315673828,4.8881731033325195,modified
516,improved-include-page,0.025411367416381836,0.7079722881317139,modified
517,imsanity,0.027999162673950195,1.059574842453003,modified
518,index.php,0.021498680114746094,1.1558797359466553,modified
519,infinite-scroll,3.0770998001098633,0.8600342273712158,default
520,insert-headers-and-footers,0.1322157382965088,0.7301030158996582,modified
521,insert-html-snippet,0.15722990036010742,2.0232105255126953,modified
522,insert-pages,0.1721515655517578,0.9395968914031982,modified
523,insert-php,0.0284574031829834,0.7845110893249512,modified
524,insert-post-ads,0.020569324493408203,0.741692304611206,modified
525,instagram-feed,0.027467966079711914,1.1983635425567627,default
526,instagram-slider-widget,0.13213038444519043,0.7324948310852051,default
527,instapage,0.020051956176757812,4.886620283126831,modified
528,intelly-related-posts,0.25436830520629883,1.4169552326202393,modified
529,intergeo-maps,0.1457819938659668,0.9334919452667236,modified
530,intuitive-custom-post-order,0.024907350540161133,0.9507045745849609,modified
531,invisible-recaptcha,0.06937956809997559,0.788485050201416,default
532,ip-geo-block,0.02978968620300293,4.056267976760864,modified
533,iq-block-country,0.03531336784362793,3.0730533599853516,modified
534,italy-cookie-choices,0.08346104621887207,0.8378167152404785,modified
535,ithemes-sync,0.022499799728393555,0.946707010269165,modified
536,itro-popup,0.8963439464569092,8.852903842926025,default
537,iwp-client,0.18117594718933105,1.318495750427246,modified
538,jetpack,0.2618391513824463,1.0720765590667725,modified
539,jonradio-multiple-themes,0.023455142974853516,0.6744773387908936,modified
540,jonradio-private-site,0.02472662925720215,0.9166576862335205,modified
541,jquery-collapse-o-matic,0.028112411499023438,0.805121660232544,default
542,jquery-colorbox,0.4664185047149658,0.7028882503509521,default
543,jquery-lightbox-for-native-galleries,0.08424854278564453,0.8097705841064453,default
544,jquery-mega-menu,0.025693893432617188,0.6911566257476807,default
545,jquery-pin-it-button-for-images,0.028946638107299805,1.302314043045044,default
546,jquery-smooth-scroll,0.024039506912231445,0.7036464214324951,default
547,jquery-t-countdown-widget,0.17789649963378906,0.7543387413024902,default
548,jquery-updater,0.11430835723876953,0.7444760799407959,default
549,jquery-vertical-accordion-menu,0.026085615158081055,0.7392446994781494,default
550,js-composer-qtranslate-x,0.0290830135345459,0.710092306137085,modified
551,json-api,0.030849933624267578,0.8149619102478027,modified
552,json-rest-api,0.2610816955566406,0.8215374946594238,default
553,juiz-social-post-sharer,0.02458786964416504,0.7120685577392578,modified
554,kebo-twitter-feed,0.024281024932861328,0.7447760105133057,modified
555,kimili-flash-embed,0.027042627334594727,0.7274646759033203,default
556,kingcomposer,0.15275144577026367,0.9777364730834961,default
557,kirki,0.4103515148162842,0.8209307193756104,modified
558,kiwi-logo-carousel,0.030592679977416992,0.8563249111175537,default
559,kiwi-social-share,0.028127670288085938,1.0131032466888428,default
560,kk-star-ratings,0.17131352424621582,3.7626943588256836,default
561,kraken-image-optimizer,0.029750585556030273,0.7612476348876953,modified
562,ktai-entry,0.031024932861328125,0.7091827392578125,modified
563,ktai-style,0.01905965805053711,0.8492677211761475,default
564,landing-pages,0.18232941627502441,0.7315378189086914,default
565,latest-tweets-widget,0.1826188564300537,0.7652547359466553,modified
566,lazy-load,0.0249176025390625,0.6918816566467285,default
567,leadin,0.025496721267700195,0.7011616230010986,default
568,leaflet-maps-marker,0.2055964469909668,1.0422751903533936,default
569,learnpress,0.021486759185791016,1.2866132259368896,modified
570,lightbox,0.030637264251708984,5.0806355476379395,default
571,lightbox-gallery,0.13688182830810547,0.7164983749389648,default
572,lightweight-social-icons,0.1428523063659668,0.7377994060516357,modified
573,like-box,0.1495966911315918,0.7290267944335938,default
574,like-box-widget,0.1431891918182373,0.8205924034118652,modified
575,limit-login-attempts,0.03425455093383789,0.7432084083557129,modified
576,limit-login-attempts-reloaded,0.02049088478088379,0.7735567092895508,modified
577,link-juice-keeper,0.028427600860595703,0.7238306999206543,modified
578,link-library,0.13704800605773926,2.9937806129455566,modified
579,link-manager,0.024011850357055664,0.7433319091796875,modified
580,list-category-posts,0.14408230781555176,0.8307607173919678,modified
581,litespeed-cache,0.03514885902404785,1.0821094512939453,modified
582,live-composer-page-builder,0.08410501480102539,1.0207910537719727,default
583,livemesh-siteorigin-widgets,0.029584407806396484,0.715273380279541,default
584,lj-maintenance-mode,0.024451017379760742,0.9187273979187012,modified
585,llorix-one-companion,0.026327848434448242,0.7842202186584473,default
586,lockdown-wp-admin,0.027125835418701172,0.7117681503295898,modified
587,loco-translate,0.021102428436279297,0.7664649486541748,modified
588,login-customizer,0.025043010711669922,0.7510368824005127,modified
589,login-form-recaptcha,0.024181127548217773,0.8102717399597168,modified
590,login-lockdown,0.02382683753967285,0.8375246524810791,modified
591,login-logo,0.023188114166259766,0.7111508846282959,modified
592,login-security-solution,0.02852153778076172,0.7164280414581299,modified
593,login-sidebar-widget,0.14902806282043457,2.0008909702301025,default
594,login-with-ajax,0.13970351219177246,0.793013334274292,default
595,loginizer,0.38466763496398926,1.432981252670288,modified
596,logo-slider,0.022670507431030273,0.7051424980163574,default
597,magee-shortcodes,0.04978656768798828,0.7438724040985107,default
598,mail-subscribe-list,0.02488994598388672,1.3799958229064941,modified
599,mailchimp,0.0287935733795166,0.715130090713501,default
600,mailchimp-for-wp,0.15856146812438965,0.8566720485687256,modified
601,mailchimp-forms-by-mailmunch,0.17895913124084473,1.0857892036437988,default
602,mailchimp-widget,0.1341233253479004,0.7159481048583984,default
603,mailgun,0.13413548469543457,0.7062623500823975,modified
604,mailmunch,0.1343231201171875,0.8266372680664062,default
605,maintenance,0.038873910903930664,0.7042720317840576,modified
606,maintenance-page,0.025400400161743164,1.5138320922851562,modified
607,mainwp-child,0.2575719356536865,8.509832859039307,modified
608,mainwp-child-reports,0.2744171619415283,3.928208112716675,modified
609,manual-image-crop,0.024656295776367188,0.8991446495056152,modified
610,mappress-google-maps-for-wordpress,1.5369927883148193,0.7262899875640869,default
611,mashsharer,0.16996550559997559,1.8421475887298584,default
612,master-slider,0.13383054733276367,4.195160388946533,default
613,maxbuttons,0.0429227352142334,3.324998617172241,default
614,mb-sitemap-generator,0.02620387077331543,0.6997897624969482,modified
615,mce-table-buttons,0.028244495391845703,0.7098333835601807,modified
616,mechanic-visitor-counter,0.12883543968200684,0.8262012004852295,modified
617,media-element-html5-video-and-audio-player,0.028735876083374023,1.5125622749328613,default
618,media-file-renamer,0.025833606719970703,0.698981523513794,modified
619,media-from-ftp,0.018491029739379883,1.5487208366394043,modified
620,media-library-assistant,0.1516103744506836,0.7039456367492676,modified
621,megamenu,0.17803454399108887,0.7426939010620117,default
622,meks-easy-ads-widget,0.1617281436920166,0.7383942604064941,default
623,meks-flexible-shortcodes,0.027948379516601562,0.7906315326690674,default
624,meks-simple-flickr-widget,0.13708209991455078,0.7088954448699951,default
625,meks-smart-author-widget,0.14411139488220215,0.7193665504455566,default
626,meks-smart-social-widget,0.14436030387878418,0.7077610492706299,default
627,meks-themeforest-smart-widget,0.14111089706420898,0.699002742767334,default
628,members,0.030722856521606445,1.4561800956726074,modified
629,menu-icons,0.0345461368560791,0.7743093967437744,default
630,menu-image,0.02472066879272461,0.7077603340148926,default
631,menu-social-icons,0.028421401977539062,0.7896225452423096,default
632,meta-box,0.022022247314453125,0.7262072563171387,modified
633,meta-manager,0.025883197784423828,0.798823356628418,modified
634,meta-tag-manager,0.026236295700073242,0.6972067356109619,modified
635,meteor-slides,0.13464832305908203,0.831596851348877,default
636,metronet-profile-picture,0.02657794952392578,0.7275917530059814,modified
637,metronet-reorder-posts,0.23571562767028809,0.7179126739501953,modified
638,minify-html-markup,0.03839755058288574,0.7716898918151855,default
639,minimal-coming-soon-maintenance-mode,0.024455547332763672,0.7931170463562012,modified
640,miniorange-login-openid,0.04185223579406738,6.118995428085327,default
641,ml-slider,0.15235137939453125,0.7195432186126709,modified
642,mobble,0.024754047393798828,0.8090651035308838,default
643,mollie-payments-for-woocommerce,0.01968860626220703,1.1838834285736084,modified
644,motopress-content-editor-lite,0.05436372756958008,0.7319715023040771,default
645,movabletype-importer,0.024161577224731445,0.7035031318664551,modified
646,mp3-jplayer,0.24182415008544922,0.8069911003112793,default
647,multi-device-switcher,0.02316451072692871,0.8855226039886475,modified
648,multiple-post-thumbnails,0.025791168212890625,0.7283546924591064,modified
649,mw-wp-form,0.08351016044616699,0.943535566329956,modified
650,my-calendar,0.6075565814971924,11.967561960220337,default
651,my-custom-css,0.0245819091796875,0.6930725574493408,modified
652,my-custom-functions,0.02286219596862793,0.9030146598815918,modified
653,my-wp-login-logo,0.027268171310424805,0.6807513236999512,modified
654,mystickymenu,0.029048919677734375,0.7099506855010986,default
655,nav-menu-images,0.0261075496673584,0.686652421951294,modified
656,nav-menu-roles,0.12465572357177734,0.6996176242828369,modified
657,new-google-plus-badge-widget,0.13349485397338867,0.6870496273040771,modified
658,new-user-approve,0.047779083251953125,0.732635498046875,modified
659,newpost-catch,0.13829374313354492,0.7346632480621338,modified
660,newsletter,0.2559845447540283,43.743611097335815,default
661,newsletter-sign-up,0.13496994972229004,1.0287199020385742,modified
662,newstatpress,0.030307531356811523,2.466188430786133,modified
663,nextcellent-gallery-nextgen-legacy,0.7724392414093018,0.8665931224822998,default
664,nextend-facebook-connect,0.01601243019104004,1.4485347270965576,default
665,nextend-google-connect,0.021504878997802734,1.0362582206726074,modified
666,nextgen-gallery,9.26750898361206,2.4773106575012207,default
667,nginx-helper,0.02800750732421875,0.7002520561218262,modified
668,ninja-forms,0.7250461578369141,34.323286056518555,modified
669,ninjafirewall,0.029009342193603516,0.6077136993408203,modified
670,nivo-slider-lite,0.3147580623626709,0.7388050556182861,modified
671,nk-google-analytics,0.03176736831665039,0.8653221130371094,default
672,no-category-base-wpml,0.022514820098876953,0.7223575115203857,modified
673,no-page-comment,0.02576589584350586,0.8348395824432373,modified
674,no-right-click-images-plugin,0.02553415298461914,0.8973178863525391,default
675,no-self-ping,0.03192543983459473,0.7094876766204834,modified
676,nofollow,0.022519350051879883,0.733372688293457,modified
677,nofollow-for-external-link,0.016108036041259766,0.9592044353485107,modified
678,oa-social-login,0.1584160327911377,0.8490641117095947,modified
679,oauth-twitter-feed-for-developers,0.026579856872558594,0.7205591201782227,modified
680,official-statcounter-plugin-for-wordpress,0.618431806564331,1.0565083026885986,modified
681,oh-add-script-header-footer,0.02631354331970215,0.7230000495910645,modified
682,olevmedia-shortcodes,0.03161358833312988,0.7170977592468262,default
683,one-click-child-theme,0.026761293411254883,0.7168116569519043,modified
684,one-click-close-comments,0.02647995948791504,0.6987745761871338,modified
685,one-click-demo-import,0.05176734924316406,0.7286596298217773,modified
686,onesignal-free-web-push-notifications,0.154296875,0.767430305480957,default
687,only-tweet-like-share-and-google-1,0.027716875076293945,0.6988105773925781,default
688,open-external-links-in-a-new-window,0.026384353637695312,0.9645750522613525,default
689,opml-importer,0.028406381607055664,0.7206583023071289,modified
690,optimus,0.030345916748046875,1.087456464767456,modified
691,optin-forms,0.06040453910827637,0.7426857948303223,default
692,optinmonster,0.1489849090576172,0.9645981788635254,modified
693,option-tree,0.01850605010986328,0.7141067981719971,modified
694,options-framework,0.0226747989654541,0.710076093673706,modified
695,orbisius-child-theme-creator,0.020149946212768555,0.8765194416046143,default
696,order-categories,0.024471759796142578,0.7321505546569824,modified
697,otf-regenerate-thumbnails,0.0248873233795166,0.708470344543457,modified
698,ozh-admin-drop-down-menu,0.025962114334106445,0.720505952835083,modified
699,p3-profiler,0.02583909034729004,0.7092394828796387,modified
700,page-links-to,0.14516854286193848,0.7446649074554443,default
701,page-list,0.026919126510620117,0.7486913204193115,default
702,page-or-post-clone,0.02890634536743164,0.7116687297821045,modified
703,page-scroll-to-id,0.15950894355773926,0.7266035079956055,default
704,pagemash,0.02593088150024414,0.722135066986084,modified
705,pagerestrict,0.027339935302734375,0.7636444568634033,modified
706,paid-memberships-pro,0.20131683349609375,4.265913963317871,default
707,password-protected,0.02742934226989746,0.8654971122741699,modified
708,paypal-donations,0.282442569732666,1.070091962814331,modified
709,pc-robotstxt,0.026076555252075195,0.6998538970947266,modified
710,pdf-embedder,0.025773048400878906,0.8591554164886475,modified
711,pdf-viewer,0.02812480926513672,0.6971464157104492,modified
712,per-page-add-to,0.027741193771362305,1.5080218315124512,modified
713,persian-woocommerce,0.1599283218383789,1.6109795570373535,modified
714,peters-login-redirect,0.029833316802978516,0.8494112491607666,modified
715,photo-gallery,0.32146286964416504,10.892715454101562,default
716,php-code-widget,0.21883702278137207,0.7541542053222656,modified
717,php-compatibility-checker,0.05152606964111328,1.0060310363769531,modified
718,php-text-widget,0.20688772201538086,0.7567987442016602,modified
719,pinterest-pin-it-button,0.5207850933074951,1.8767874240875244,default
720,pinterest-pin-it-button-on-image-hover-and-post,0.12025952339172363,1.696662425994873,default
721,pirate-forms,1.1137356758117676,3.7959165573120117,default
722,piwik-analytics,0.018232107162475586,0.9224889278411865,default
723,pixabay-images,0.025986671447753906,0.7103598117828369,modified
724,pixcodes,0.030366182327270508,0.8034021854400635,modified
725,pixelyoursite,0.027005434036254883,0.7849013805389404,modified
726,pixtypes,0.22373747825622559,1.2154109477996826,modified
727,platinum-seo-pack,0.03667902946472168,7.325544834136963,default
728,plugin-organizer,0.45058751106262207,9.277302265167236,modified
729,pods,7.3474695682525635,2.2859466075897217,modified
730,pojo-sidebars,0.03099656105041504,0.6938176155090332,modified
731,polldaddy,0.305436372756958,1.0093681812286377,modified
732,polylang,0.1288590431213379,1.1958346366882324,modified
733,popup-builder,0.024614810943603516,10.178900480270386,default
734,popup-by-supsystic,0.07003450393676758,35.00768303871155,modified
735,popup-maker,1.1626696586608887,23.467857122421265,default
736,popupally,2.013254404067993,1.802880048751831,default
737,popups,0.5772819519042969,4.146340608596802,default
738,portfolio-gallery,0.7070958614349365,5.978577613830566,modified
739,portfolio-post-type,0.023921489715576172,0.786292314529419,modified
740,post-duplicator,0.03055262565612793,0.8145170211791992,modified
741,post-expirator,0.0169527530670166,0.7396891117095947,modified
742,post-grid,0.030392169952392578,0.9213488101959229,default
743,post-plugin-library,0.029489517211914062,0.7515773773193359,modified
744,post-snippets,0.18828320503234863,0.72257399559021,modified
745,post-tags-and-categories-for-pages,0.028461694717407227,0.7006518840789795,modified
746,post-thumbnail-editor,0.030941009521484375,0.7517552375793457,modified
747,post-type-archive-links,0.026859760284423828,0.7752301692962646,modified
748,post-type-switcher,0.026675939559936523,0.7774317264556885,modified
749,post-types-order,0.02702021598815918,0.746063232421875,modified
750,post-views-counter,0.3001837730407715,2.3899190425872803,default
751,postie,0.04237055778503418,0.891740083694458,modified
752,postman-smtp,0.03382372856140137,0.9962151050567627,modified
753,posts-in-page,0.018172025680541992,0.7151350975036621,modified
754,posts-to-posts,0.16723275184631348,0.9052765369415283,modified
755,powerpress,0.15425920486450195,0.726961612701416,default
756,pretty-link,17.870673179626465,0.8771097660064697,modified
757,pricing-table-by-supsystic,0.04087543487548828,17.59602999687195,modified
758,printfriendly,0.025434255599975586,0.8476817607879639,default
759,product-import-export-for-woo,0.029694795608520508,0.7663094997406006,modified
760,profile-builder,1.0666627883911133,0.7071683406829834,default
761,projects-by-woothemes,0.38446736335754395,0.9149343967437744,default
762,protect-wp-admin,0.6533081531524658,1.1240227222442627,modified
763,ps-auto-sitemap,0.16482806205749512,0.6992762088775635,modified
764,ps-disable-auto-formatting,0.21080398559570312,0.7754034996032715,default
765,public-post-preview,0.026967525482177734,1.075352668762207,modified
766,pubsubhubbub,0.04557013511657715,0.7703061103820801,modified
767,pushpress,0.028205394744873047,0.6994807720184326,modified
768,q2w3-fixed-widget,0.02445673942565918,0.9152951240539551,default
769,qtranslate-slug,0.1837003231048584,1.1703097820281982,modified
770,query-monitor,0.18012642860412598,1.0716278553009033,default
771,quick-adsense,0.03052067756652832,8.33501648902893,modified
772,quick-adsense-reloaded,0.20668458938598633,2.4303722381591797,modified
773,quick-featured-images,0.02508068084716797,0.9132199287414551,modified
774,quick-pagepost-redirect-plugin,0.037787675857543945,0.8971281051635742,modified
775,quotes-collection,0.5236673355102539,0.9953007698059082,default
776,rating-widget,0.02063894271850586,4.483188152313232,modified
777,raw-html,0.028511762619018555,0.7355086803436279,modified
778,re-add-underline-justify,0.026070117950439453,0.878852367401123,modified
779,real-time-find-and-replace,0.0915830135345459,0.7493951320648193,modified
780,really-simple-captcha,0.07375741004943848,0.8099992275238037,modified
781,really-simple-csv-importer,0.14241886138916016,0.8202643394470215,modified
782,really-simple-facebook-twitter-share-buttons,0.1331191062927246,1.043252944946289,default
783,really-simple-ssl,0.06317830085754395,1.0195322036743164,modified
784,recent-facebook-posts,0.193756103515625,0.6949169635772705,default
785,recent-posts-widget-extended,0.021111488342285156,0.7752025127410889,modified
786,recent-posts-widget-with-thumbnails,0.27188944816589355,2.592639923095703,default
787,recent-tweets-widget,0.1648709774017334,1.3351705074310303,default
788,redirection,0.16847610473632812,12.690547943115234,modified
789,redis-cache,0.023314714431762695,0.9700584411621094,modified
790,redux-framework,0.034887075424194336,1.6157755851745605,modified
791,regenerate-thumbnails,0.026294231414794922,0.7940518856048584,modified
792,related-posts-thumbnails,0.1692793369293213,0.8165316581726074,modified
793,relevanssi,0.3221290111541748,86.89994192123413,modified
794,remove-category-url,0.02795553207397461,0.7523584365844727,modified
795,remove-dashboard-access-for-non-admins,0.020085811614990234,2.2882328033447266,modified
796,remove-footer-credit,0.03527331352233887,0.7080428600311279,modified
797,remove-google-fonts-references,50.205684185028076,1.4840993881225586,default
798,remove-query-strings-from-static-resources,0.02366805076599121,0.7556188106536865,default
799,remove-widget-titles,0.030405044555664062,0.7226479053497314,modified
800,remove-xmlrpc-pingback-ping,0.026903152465820312,0.8312370777130127,modified
801,rename-wp-login,0.018932104110717773,1.4327027797698975,default
802,reset-wp,0.023148536682128906,0.7548346519470215,modified
803,resize-image-after-upload,0.024824857711791992,1.9346437454223633,modified
804,responsive-add-ons,0.026953935623168945,0.8330163955688477,modified
805,responsive-lightbox,0.3734116554260254,1.1491849422454834,default
806,responsive-lightbox-lite,0.02425837516784668,1.0098588466644287,default
807,responsive-menu,32.06991410255432,0.7875192165374756,default
808,responsive-select-menu,0.027957677841186523,0.7215149402618408,default
809,responsive-slider,0.027689695358276367,1.1303989887237549,default
810,rest-api,0.033644676208496094,0.8995053768157959,modified
811,restaurant-reservations,0.7329788208007812,0.8093953132629395,modified
812,restrict-widgets,0.03245210647583008,1.0010645389556885,modified
813,restricted-site-access,0.05014610290527344,1.0279772281646729,default
814,reveal-ids-for-wp-admin-25,0.01777482032775879,0.696000337600708,modified
815,revision-control,0.02458357810974121,0.7770004272460938,modified
816,rich-text-tags,0.01839470863342285,0.7875087261199951,modified
817,robo-gallery,1.1744492053985596,0.9677109718322754,modified
818,rocket-maintenance-mode,0.0313873291015625,7.063859939575195,default
819,root-relative-urls,0.027929306030273438,0.7864775657653809,default
820,roses-like-this,0.1609950065612793,1.1434800624847412,default
821,rotatingtweets,0.16663384437561035,0.8824245929718018,default
822,rss-footer,0.017001628875732422,0.6947269439697266,modified
823,rss-import,0.17535185813903809,0.7656362056732178,modified
824,rss-importer,0.028308868408203125,0.7538862228393555,modified
825,rss-includes-pages,0.02753448486328125,0.7684869766235352,modified
826,rss-post-importer,0.201613187789917,1.8135685920715332,default
827,rus-to-lat-advanced,0.023808002471923828,0.7660706043243408,modified
828,rustolat,0.15115880966186523,0.935654878616333,modified
829,rvg-optimize-database,0.8227853775024414,0.7767395973205566,modified
830,s2member,0.22014379501342773,10.493411302566528,default
831,s2member-files,0.020876646041870117,1.2588591575622559,modified
832,s2member-logs,0.10806608200073242,1.145660161972046,modified
833,safe-redirect-manager,0.16038084030151367,2.125920057296753,modified
834,saphali-woocommerce-lite,0.03061366081237793,0.9695725440979004,default
835,sassy-social-share,0.30364394187927246,1.4144659042358398,default
836,scalable-vector-graphics-svg,0.16332697868347168,0.9519228935241699,default
837,schema,0.060263872146606445,6.871098279953003,default
838,scripts-n-styles,0.2070763111114502,0.8851401805877686,modified
839,scripts-to-footerphp,0.026645898818969727,0.8817570209503174,default
840,scroll-back-to-top,0.023501873016357422,0.9989399909973145,default
841,search-and-replace,0.027153968811035156,0.9893126487731934,modified
842,search-everything,0.9341413974761963,0.950552225112915,default
843,search-exclude,0.0305941104888916,0.9314486980438232,modified
844,search-filter,0.031259775161743164,1.018139123916626,default
845,search-meter,0.5342617034912109,0.8639519214630127,modified
846,search-regex,0.1843104362487793,0.8506655693054199,modified
847,secure-wordpress,5.7669689655303955,7.039013385772705,modified
848,sem-external-links,1.1754565238952637,0.8222086429595947,modified
849,sendgrid-email-delivery-simplified,0.06020045280456543,0.8619287014007568,modified
850,seo-automatic-links,0.020579814910888672,0.8706936836242676,modified
851,seo-image,0.03687429428100586,0.9913883209228516,modified
852,seo-optimized-images,0.023142337799072266,0.8734278678894043,modified
853,seo-redirection,0.02516317367553711,2.045795202255249,modified
854,seo-ultimate,15.819443702697754,1.1283607482910156,default
855,seo-wordpress,0.06852936744689941,5.021717071533203,default
856,server-ip-memory-usage,0.06312704086303711,0.9521441459655762,modified
857,sg-cachepress,0.021205902099609375,1.5330746173858643,modified
858,shapely-companion,0.38086462020874023,0.9610066413879395,modified
859,shareaholic,0.05938863754272461,2.777182102203369,default
860,shiftnav-responsive-mobile-menu,0.030553102493286133,0.8134231567382812,default
861,shortcode-ui,0.030153989791870117,0.7884378433227539,modified
862,shortcode-widget,0.16619181632995605,0.7409608364105225,modified
863,shortcoder,0.02846813201904297,0.9689164161682129,modified
864,shortcodes-ultimate,0.18114614486694336,1.250568151473999,modified
865,shortpixel-image-optimiser,0.026146411895751953,1.8081152439117432,modified
866,show-current-template,0.028405427932739258,0.7104454040527344,modified
867,show-hide-author,0.028922557830810547,1.248535394668579,modified
868,si-captcha-for-wordpress,0.8178176879882812,1.086324691772461,default
869,si-contact-form,0.043020009994506836,0.9953422546386719,modified
870,sidebar-login,0.37897300720214844,0.7596213817596436,default
871,sidekick,0.026331186294555664,1.008091926574707,modified
872,similar-posts,0.033679962158203125,0.9744253158569336,modified
873,simple-301-redirects,0.030626296997070312,0.839134931564331,modified
874,simple-301-redirects-addon-bulk-uploader,0.03184628486633301,0.9614951610565186,modified
875,simple-author-box,0.02854442596435547,0.9107813835144043,default
876,simple-css,0.06962895393371582,0.8493828773498535,modified
877,simple-custom-css,0.017027854919433594,0.8013811111450195,default
878,simple-custom-post-order,0.03222036361694336,1.1684226989746094,modified
879,simple-embed-code,0.17960858345031738,0.8753030300140381,default
880,simple-facebook-plugin,0.15012168884277344,0.8910534381866455,modified
881,simple-follow-me-social-buttons-widget,0.16350102424621582,1.0736286640167236,default
882,simple-full-screen-background-image,0.019229888916015625,0.7381870746612549,modified
883,simple-google-analytics,0.018667221069335938,0.9203875064849854,modified
884,simple-google-map,0.16611242294311523,1.0598564147949219,default
885,simple-google-sitemap-xml,0.025772571563720703,0.8637878894805908,modified
886,simple-history,19.12664818763733,0.7941238880157471,modified
887,simple-image-sizes,0.03051304817199707,0.7199311256408691,modified
888,simple-image-widget,0.16652917861938477,0.8870484828948975,modified
889,simple-lightbox,0.3228108882904053,0.8578896522521973,default
890,simple-local-avatars,0.03477954864501953,0.8525283336639404,modified
891,simple-login-lockdown,0.019103288650512695,1.0340056419372559,modified
892,simple-login-log,0.027899742126464844,2.170567274093628,modified
893,simple-maintenance-mode,0.031018495559692383,0.7243201732635498,modified
894,simple-map,0.055747032165527344,0.9268207550048828,default
895,simple-membership,0.16774249076843262,8.028613328933716,default
896,simple-page-ordering,0.028695344924926758,0.7245006561279297,modified
897,simple-page-sidebars,0.18667006492614746,0.7101507186889648,modified
898,simple-share-buttons-adder,0.16441798210144043,1.5890908241271973,default
899,simple-sitemap,0.027645349502563477,1.0096642971038818,modified
900,simple-social-buttons,0.016280651092529297,1.1319332122802734,default
901,simple-social-icons,0.155867338180542,0.7263007164001465,default
902,simple-tags,0.37934136390686035,1.4737582206726074,modified
903,simple-twitter-tweets,0.15680861473083496,0.8051793575286865,default
904,simple-wp-sitemap,0.01764702796936035,1.0329577922821045,modified
905,simply-exclude,0.05730319023132324,0.9039795398712158,modified
906,simply-show-ids,0.03006887435913086,0.804023027420044,modified
907,single-post-template,0.14261317253112793,0.8767273426055908,modified
908,site-is-offline-plugin,0.2159285545349121,0.8263652324676514,modified
909,siteguard,0.03216147422790527,7.320830583572388,default
910,sitemap,0.021065711975097656,0.7993783950805664,default
911,siteorigin-panels,0.5342574119567871,1.0287184715270996,modified
912,slide-anything,0.0313723087310791,25.70023465156555,modified
913,slider,0.15846014022827148,5.16058874130249,default
914,slider-image,0.5299882888793945,23.037168979644775,modified
915,slider-wd,0.3821902275085449,5.6628429889678955,default
916,slideshow-gallery,0.4061009883880615,0.8546717166900635,default
917,slideshow-jquery-image-gallery,0.15208816528320312,0.7664167881011963,modified
918,smart-slider-2,0.2838268280029297,0.7272422313690186,default
919,smart-slider-3,0.27112388610839844,18.964150428771973,default
920,smart-youtube,0.1668081283569336,1.029343605041504,modified
921,smk-sidebar-generator,0.02726292610168457,1.228529691696167,modified
922,smooth-scroll-up,0.033521413803100586,0.9932959079742432,default
923,smooth-slider,0.15307068824768066,7.385514736175537,default
924,smtp-mailer,0.030405759811401367,0.7219967842102051,modified
925,snazzy-maps,0.03408503532409668,0.7494804859161377,modified
926,sns-count-cache,0.1646590232849121,14.97584581375122,modified
927,so-css,0.024378538131713867,0.7840816974639893,modified
928,so-widgets-bundle,0.8353221416473389,0.7796270847320557,modified
929,sociable,0.026917219161987305,1.1168603897094727,default
930,social-count-plus,0.19790863990783691,0.843926191329956,modified
931,social-icons,0.15808987617492676,0.8277554512023926,default
932,social-icons-widget-by-wpzoom,0.14350056648254395,0.7298784255981445,default
933,social-locker,0.17844271659851074,2.338038921356201,default
934,social-media-builder,0.15410327911376953,1.7997770309448242,modified
935,social-media-feather,0.9091567993164062,0.7501437664031982,default
936,social-media-icons-widget,0.14879083633422852,0.7677326202392578,default
937,social-media-widget,0.13138175010681152,0.8644821643829346,default
938,social-networks-auto-poster-facebook-twitter-g,1.4046263694763184,0.8760676383972168,default
939,social-polls-by-opinionstage,0.3998904228210449,0.8638031482696533,default
940,social-pug,0.02768540382385254,1.1262578964233398,default
941,social-share-buttons-by-supsystic,0.5808436870574951,7.879065752029419,modified
942,social-sharing-toolkit,0.28789639472961426,0.8774747848510742,default
943,social-warfare,0.2414264678955078,0.7472569942474365,default
944,soliloquy-lite,0.030314207077026367,0.836698055267334,modified
945,soundcloud-is-gold,0.15352582931518555,0.9516675472259521,modified
946,soundcloud-shortcode,0.029805421829223633,0.7010424137115479,modified
947,soundy-background-music,0.03367447853088379,5.839929819107056,default
948,sp-news-and-widget,0.39975476264953613,0.745380163192749,default
949,spacer,0.027652263641357422,0.8104298114776611,modified
950,spam-free-wordpress,0.03139209747314453,1.302067518234253,modified
951,speed-booster-pack,0.021173477172851562,1.8962090015411377,default
952,spider-event-calendar,0.3107743263244629,3.929412603378296,default
953,spiderblocker,0.027329683303833008,0.6440801620483398,modified
954,sportspress,1.6622450351715088,85.27166485786438,default
955,sqlite-integration,0.03365278244018555,0.84566330909729,modified
956,squirrly-seo,0.0676264762878418,0.704108715057373,default
957,ssh-sftp-updater-support,0.04778289794921875,0.8380579948425293,modified
958,ssl-insecure-content-fixer,0.02933216094970703,0.6866743564605713,modified
959,starbox,0.03403592109680176,0.9266836643218994,modified
960,statify,0.39253926277160645,2.310147762298584,modified
961,stealth-login-page,0.2586977481842041,0.8051197528839111,modified
962,sticky-menu-or-anything-on-scroll,0.02625441551208496,0.8616359233856201,default
963,stop-spammer-registrations-plugin,0.3331315517425537,0.965045690536499,modified
964,stop-user-enumeration,1.3527107238769531,3.7159664630889893,default
965,stops-core-theme-and-plugin-updates,0.03074359893798828,0.7971980571746826,modified
966,store-locator-le,10.394128799438477,0.987316370010376,default
967,storefront-product-pagination,0.03139090538024902,1.1356775760650635,modified
968,storefront-product-sharing,0.01885199546813965,0.9740285873413086,modified
969,storefront-sticky-add-to-cart,0.020097732543945312,0.9390473365783691,default
970,stream,0.17665958404541016,12.046606540679932,default
971,string-locator,0.030733585357666016,1.2909624576568604,modified
972,strong-testimonials,0.18078398704528809,2.1658031940460205,default
973,styles,0.02665567398071289,0.7711670398712158,default
974,subscribe-to-comments,0.02781963348388672,1.0995900630950928,modified
975,subscribe-to-comments-reloaded,0.03249859809875488,15.77348256111145,default
976,subscribe2,0.22044897079467773,4.7386088371276855,modified
977,sucuri-scanner,0.27481961250305176,0.9312667846679688,default
978,sumome,0.03298354148864746,0.9642839431762695,default
979,super-rss-reader,0.1574573516845703,0.6954452991485596,default
980,super-simple-google-analytics,0.03218817710876465,0.9327726364135742,default
981,super-socializer,0.864330530166626,1.751446008682251,default
982,svg-support,0.027838468551635742,0.9596073627471924,modified
983,svg-vector-icon-plugin,0.028028011322021484,0.8345949649810791,default
984,sydney-toolbox,0.03189730644226074,0.7037794589996338,modified
985,syntaxhighlighter,0.029273033142089844,0.7219719886779785,default
986,tabby-responsive-tabs,0.03400158882141113,0.7658190727233887,modified
987,table-maker,0.03064584732055664,2.1076009273529053,default
988,table-of-contents-plus,0.15183687210083008,0.7078635692596436,default
989,tablepress,0.031297922134399414,0.8560025691986084,modified
990,tac,0.031409502029418945,0.8507094383239746,modified
991,tag-pages,0.12830066680908203,0.8326425552368164,modified
992,tawkto-live-chat,0.029436826705932617,1.268198013305664,modified
993,taxonomy-images,0.03167724609375,0.932180643081665,default
994,taxonomy-metadata,0.03537297248840332,5.622520446777344,modified
995,taxonomy-terms-order,0.03419685363769531,0.7639214992523193,modified
996,team-members,0.15181779861450195,0.8719313144683838,default
997,templatesnext-toolkit,0.6996915340423584,0.9262716770172119,default
998,term-management-tools,0.17582917213439941,0.9165923595428467,modified
999,testimonial-rotator,0.7086372375488281,1.512683391571045,default
1000,testimonials-by-woothemes,0.14128470420837402,1.3425636291503906,modified
1001,testimonials-widget,0.7240161895751953,1.4366662502288818,default
1002,the-events-calendar,28.878673315048218,0.9947042465209961,default
1003,the-events-calendar-shortcode,0.0316312313079834,0.7685585021972656,modified
1004,theme-check,0.032485246658325195,0.8239221572875977,modified
1005,theme-junkie-custom-css,0.031556129455566406,0.9419243335723877,modified
1006,theme-my-login,0.15490078926086426,0.7511482238769531,default
1007,theme-test-drive,0.06733584403991699,0.7903478145599365,modified
1008,themegrill-demo-importer,0.028439760208129883,1.329756259918213,modified
1009,themeisle-companion,0.1697242259979248,0.8679904937744141,modified
1010,throws-spam-away,0.0317072868347168,0.8106098175048828,modified
1011,tidio-live-chat,1.4019615650177002,0.7517282962799072,default
1012,tiled-gallery-carousel-without-jetpack,0.03260040283203125,0.7646706104278564,modified
1013,timber-library,0.11655402183532715,0.8964076042175293,modified
1014,timthumb-vulnerability-scanner,0.03307461738586426,1.1757135391235352,modified
1015,tiny-compress-images,0.03328847885131836,0.7660641670227051,modified
1016,tinymce-advanced,0.03380084037780762,1.1024196147918701,modified
1017,tinymce-templates,0.03127264976501465,0.774533748626709,modified
1018,title-remover,0.2615523338317871,0.7758302688598633,modified
1019,to-top,0.030965566635131836,0.9544453620910645,default
1020,toggle-the-title,0.029475688934326172,1.1895277500152588,modified
1021,top-10,0.2724311351776123,3.2308108806610107,modified
1022,tracking-code-manager,0.2734856605529785,1.5971307754516602,modified
1023,transposh-translation-filter-for-wordpress,0.3239867687225342,3.927386999130249,modified
1024,tubepress,0.025081396102905273,1.57155179977417,modified
1025,tumblr-importer,0.5772082805633545,1.026318073272705,modified
1026,tweet-old-post,0.03670549392700195,0.9976944923400879,modified
1027,twitter,1.4721598625183105,0.8428456783294678,default
1028,twitter-facebook-google-plusone-share,0.02494668960571289,0.8840532302856445,default
1029,twitter-tools,0.16683006286621094,0.8487427234649658,modified
1030,twitter-tweets,0.17552566528320312,1.0550031661987305,modified
1031,twitter-widget-pro,0.18286561965942383,0.7286591529846191,modified
1032,typekit-fonts-for-wordpress,0.02896571159362793,0.8637051582336426,default
1033,typepad-emoji-for-tinymce,0.4314124584197998,1.1250195503234863,modified
1034,types,0.6428563594818115,1.0956106185913086,modified
1035,uber-login-logo,0.3023796081542969,0.8932418823242188,modified
1036,udinra-all-image-sitemap,0.024237394332885742,1.0643501281738281,modified
1037,uji-countdown,0.4018681049346924,6.243436574935913,modified
1038,uk-cookie-consent,0.031374454498291016,2.2915422916412354,default
1039,ultimate-category-excluder,0.17080187797546387,0.9030969142913818,modified
1040,ultimate-coming-soon-page,0.03270220756530762,0.9883182048797607,modified
1041,ultimate-faqs,1.2072319984436035,9.569743871688843,default
1042,ultimate-form-builder-lite,0.03739809989929199,4.116988658905029,default
1043,ultimate-google-analytics,0.03325033187866211,4.484925031661987,default
1044,ultimate-maintenance-mode,0.10319113731384277,1.3167667388916016,modified
1045,ultimate-member,3.358424186706543,1.0188782215118408,default
1046,ultimate-posts-widget,0.029846906661987305,0.8389091491699219,default
1047,ultimate-responsive-image-slider,0.026938438415527344,1.496969223022461,default
1048,ultimate-social-media-icons,0.02253890037536621,0.9926121234893799,modified
1049,ultimate-social-media-plus,0.02882075309753418,6.659494400024414,modified
1050,ultimate-tag-cloud-widget,0.18771982192993164,0.7140576839447021,modified
1051,ultimate-tinymce,0.04501509666442871,1.4920628070831299,modified
1052,under-construction-page,0.03240180015563965,1.435173749923706,modified
1053,under-construction-wp,0.20717477798461914,0.9861130714416504,modified
1054,underconstruction,0.03131508827209473,1.3002150058746338,modified
1055,unite-gallery-lite,0.2051372528076172,0.7568364143371582,modified
1056,unyson,0.04528355598449707,0.9927005767822266,modified
1057,update-control,0.030740737915039062,0.7478089332580566,modified
1058,updraftplus,0.027231931686401367,0.8824987411499023,modified
1059,upload-max-file-size,0.03337359428405762,0.9008615016937256,modified
1060,uptolike-share,0.18178009986877441,1.2876152992248535,modified
1061,usc-e-shop,8.738733768463135,16.89022207260132,default
1062,use-any-font,0.78969407081604,1.509535312652588,default
1063,use-google-libraries,3.4098451137542725,0.8987083435058594,default
1064,user-access-manager,0.14469456672668457,5.165410995483398,default
1065,user-avatar,0.033382415771484375,1.0050315856933594,modified
1066,user-photo,0.03135800361633301,2.2301294803619385,modified
1067,user-role-editor,0.40761566162109375,3.0337679386138916,modified
1068,user-submitted-posts,0.15809273719787598,0.9229097366333008,default
1069,user-switching,0.02900862693786621,1.0361199378967285,modified
1070,username-changer,0.1823728084564209,0.7994682788848877,modified
1071,vanilla-pdf-embed,0.033219337463378906,1.2100152969360352,modified
1072,varnish-http-purge,0.029868602752685547,0.7382504940032959,modified
1073,vaultpress,0.0361933708190918,5.139824867248535,modified
1074,velvet-blues-update-urls,0.030480146408081055,0.7434425354003906,modified
1075,verify-google-webmaster-tools,0.030020952224731445,0.8880200386047363,default
1076,video-embed-thumbnail-generator,0.03316187858581543,8.093339681625366,default
1077,video-sidebar-widgets,0.8075623512268066,1.085381269454956,modified
1078,video-thumbnails,0.2120809555053711,1.0876929759979248,modified
1079,videojs-html5-video-player-for-wordpress,0.03132486343383789,1.0326406955718994,default
1080,virtue-toolkit,0.5427002906799316,1.3075740337371826,modified
1081,visitor-maps,1.0261411666870117,9.65147590637207,default
1082,visitors-traffic-real-time-statistics,0.049481868743896484,4.358236074447632,modified
1083,visual-form-builder,5.124551057815552,0.8217887878417969,default
1084,visualizer,0.19399023056030273,0.7490942478179932,default
1085,vk-all-in-one-expansion-unit,3.237109422683716,1.0438153743743896,default
1086,vslider,0.2988297939300537,4.4188621044158936,default
1087,w3-total-cache,0.04273867607116699,1.0340595245361328,default
1088,wassup,2.9657351970672607,9.2887544631958,default
1089,wc-gallery,0.037813663482666016,0.8063058853149414,default
1090,wc-shortcodes,1.280472755432129,0.8375241756439209,default
1091,wc-vendors,1.838010549545288,1.1813788414001465,modified
1092,wck-custom-fields-and-custom-post-types-creator,0.2088484764099121,0.8066842555999756,modified
1093,wd-facebook-feed,0.6210992336273193,16.65864109992981,default
1094,wd-google-analytics,0.1116940975189209,1.957326889038086,modified
1095,wd-google-maps,0.19440984725952148,0.9216430187225342,default
1096,wd-instagram-feed,0.21499395370483398,7.270944118499756,modified
1097,weaverx-theme-support,0.03447866439819336,0.799919843673706,modified
1098,website-monetization-by-magenet,0.06752347946166992,1.4540185928344727,default
1099,welcome-email-editor,0.29704833030700684,0.8567914962768555,modified
1100,wf-cookie-consent,0.030539512634277344,0.7317166328430176,default
1101,what-the-file,0.0299835205078125,0.9942617416381836,modified
1102,whats-new-genarator,0.03387451171875,0.8931193351745605,default
1103,white-label-cms,0.027763843536376953,0.950998067855835,modified
1104,widget-context,0.034781455993652344,0.8287155628204346,modified
1105,widget-css-classes,0.030202388763427734,1.1214332580566406,default
1106,widget-importer-exporter,0.03250479698181152,0.8715822696685791,modified
1107,widget-logic,0.028910160064697266,0.8848938941955566,modified
1108,widget-options,0.033815622329711914,0.8879525661468506,default
1109,widget-settings-importexport,0.029666423797607422,0.7382822036743164,modified
1110,widget-shortcode,0.02966022491455078,0.8213410377502441,modified
1111,widgetize-pages-light,2.5789055824279785,0.7554757595062256,default
1112,widgets-for-siteorigin,0.033043861389160156,0.8938577175140381,default
1113,widgets-on-pages,0.7683618068695068,5.878690958023071,modified
1114,wk-google-analytics,0.06351184844970703,0.9705691337585449,default
1115,wonderm00ns-simple-facebook-open-graph-tags,0.627685546875,1.1925668716430664,default
1116,woo-checkout-field-editor-pro,0.028981685638427734,0.7258453369140625,modified
1117,woocommerce,7.056208848953247,94.31425094604492,default
1118,woocommerce-advanced-free-shipping,0.2510061264038086,0.9748706817626953,modified
1119,woocommerce-all-in-one-seo-pack,0.0255587100982666,0.7819375991821289,modified
1120,woocommerce-bulk-discount,0.03678131103515625,0.7978053092956543,modified
1121,woocommerce-cart-tab,0.3694643974304199,1.091785192489624,modified
1122,woocommerce-colors,0.0819401741027832,1.1393604278564453,modified
1123,woocommerce-correios,0.031013011932373047,1.0990915298461914,modified
1124,woocommerce-csvimport,0.06585168838500977,3.418659210205078,modified
1125,woocommerce-currency-switcher,1.111600399017334,7.9913177490234375,default
1126,woocommerce-customizer,0.03268241882324219,0.8105800151824951,modified
1127,woocommerce-delivery-notes,0.20106744766235352,0.7822542190551758,modified
1128,woocommerce-direct-checkout,0.030022859573364258,0.7379043102264404,modified
1129,woocommerce-exporter,0.03515768051147461,0.9088373184204102,modified
1130,woocommerce-extra-checkout-fields-for-brazil,0.03253316879272461,0.89312744140625,modified
1131,woocommerce-gateway-paypal-express-checkout,0.4941556453704834,1.347961664199829,modified
1132,woocommerce-gateway-paypal-powered-by-braintree,0.04669022560119629,0.9995429515838623,modified
1133,woocommerce-gateway-stripe,0.024880647659301758,1.0108423233032227,modified
1134,woocommerce-germanized,0.557091236114502,0.9820809364318848,modified
1135,woocommerce-google-analytics-integration,0.03048086166381836,1.1332793235778809,modified
1136,woocommerce-grid-list-toggle,0.032506704330444336,0.7344434261322021,modified
1137,woocommerce-jetpack,0.06406354904174805,0.9085819721221924,modified
1138,woocommerce-mailchimp,0.0347285270690918,3.382551670074463,modified
1139,woocommerce-menu-bar-cart,0.031163454055786133,0.7436573505401611,default
1140,woocommerce-multilingual,1.1812629699707031,0.9153811931610107,default
1141,woocommerce-pagseguro,0.03190112113952637,0.7155647277832031,modified
1142,woocommerce-pdf-invoices,0.12132692337036133,1.2879223823547363,modified
1143,woocommerce-pdf-invoices-packing-slips,0.03209662437438965,0.7439346313476562,modified
1144,woocommerce-product-archive-customiser,0.0315248966217041,1.0251338481903076,modified
1145,woocommerce-products-filter,0.204345703125,0.8169574737548828,default
1146,woocommerce-products-per-page,0.029632091522216797,0.8762781620025635,modified
1147,woocommerce-qtranslate-x,0.030858516693115234,1.0926868915557861,modified
1148,woocommerce-quantity-increment,0.03266119956970215,1.0874247550964355,modified
1149,woocommerce-sequential-order-numbers,0.03331279754638672,0.7335138320922852,modified
1150,woocommerce-services,0.031981706619262695,1.0919561386108398,modified
1151,woocommerce-shortcodes,0.029674291610717773,1.2139708995819092,modified
1152,woocommerce-social-media-share-buttons,0.03188300132751465,3.2645771503448486,default
1153,woocommerce-table-rate-shipping,0.027215242385864258,1.2589294910430908,modified
1154,woocommerce-xml-csv-product-import,0.5701644420623779,2.162402629852295,modified
1155,woosidebars,0.038785457611083984,1.330702781677246,modified
1156,wordfence,0.2957632541656494,186.40132975578308,default
1157,wordpress-23-related-posts-plugin,40.25088405609131,7.6342198848724365,default
1158,wordpress-access-control,0.6494014263153076,0.7752315998077393,modified
1159,wordpress-backup-to-dropbox,0.3172626495361328,7.867940902709961,modified
1160,wordpress-database-reset,0.0310213565826416,1.0942010879516602,modified
1161,wordpress-easy-paypal-payment-or-donation-accept-plugin,0.033097267150878906,4.2074973583221436,default
1162,wordpress-https,0.06203866004943848,4.935421466827393,default
1163,wordpress-importer,0.035894155502319336,0.8578734397888184,modified
1164,wordpress-mobile-pack,0.3932323455810547,1.0038166046142578,modified
1165,wordpress-php-info,0.032808542251586914,0.88800048828125,modified
1166,wordpress-ping-optimizer,0.14644098281860352,2.4609055519104004,modified
1167,wordpress-plugin-for-simple-google-adsense-insertion,0.06718611717224121,0.7906475067138672,modified
1168,wordpress-popular-posts,1.9544289112091064,6.204017400741577,default
1169,wordpress-popup,1.0385780334472656,7.022712707519531,default
1170,wordpress-reset,0.03166389465332031,0.8761582374572754,modified
1171,wordpress-seo,0.29576945304870605,8.324571132659912,default
1172,wordpress-simple-paypal-shopping-cart,0.18273234367370605,3.3200294971466064,default
1173,wordpress-social-login,0.03827857971191406,10.774114847183228,default
1174,wordpress-social-ring,0.34055447578430176,1.2516329288482666,default
1175,wordpress-video-plugin,0.0321958065032959,0.7703652381896973,modified
1176,worker,0.338360071182251,3.426624298095703,modified
1177,wowslider,0.036420345306396484,0.74265456199646,default
1178,wp-accessibility,0.17891740798950195,3.3998875617980957,default
1179,wp-add-custom-css,0.032231807708740234,1.1095271110534668,modified
1180,wp-admin-ui-customize,0.03962206840515137,0.7441117763519287,modified
1181,wp-all-export,0.038236141204833984,3.430814743041992,modified
1182,wp-all-import,0.03975200653076172,5.669485092163086,modified
1183,wp-author-date-and-meta-remover,0.03093576431274414,0.7221267223358154,default
1184,wp-backitup,0.03339552879333496,5.355683326721191,modified
1185,wp-ban,0.03251767158508301,2.022278308868408,modified
1186,wp-better-emails,0.03154587745666504,1.1591551303863525,modified
1187,wp-cerber,0.5121397972106934,25.45327639579773,modified
1188,wp-change-default-email,10.592371702194214,2.090994358062744,modified
1189,wp-clean-up,0.034418582916259766,0.7249138355255127,modified
1190,wp-clone-by-wp-academy,0.03483939170837402,0.803765058517456,modified
1191,wp-construction-mode,0.029835939407348633,1.0504560470581055,default
1192,wp-content-copy-protection,0.03320622444152832,1.1232688426971436,default
1193,wp-content-copy-protector,0.03999018669128418,0.7361483573913574,default
1194,wp-copyprotect,0.03250241279602051,0.8015360832214355,modified
1195,wp-copyright-protection,0.03149247169494629,0.7461457252502441,default
1196,wp-crontrol,0.029783248901367188,0.8990061283111572,modified
1197,wp-custom-widget-area,0.03535032272338867,2.1067075729370117,modified
1198,wp-customer-reviews,0.036016225814819336,0.8814833164215088,default
1199,wp-cycle,0.029063940048217773,0.7366724014282227,default
1200,wp-database-backup,0.0389406681060791,1.345491647720337,modified
1201,wp-db-backup,0.03410220146179199,0.8496184349060059,modified
1202,wp-dbmanager,0.0319523811340332,1.1888372898101807,modified
1203,wp-e-commerce,4.418113470077515,19.18698787689209,default
1204,wp-edit,0.03909707069396973,1.8022053241729736,modified
1205,wp-editor,0.19730401039123535,5.378463983535767,modified
1206,wp-editor-widget,0.16846370697021484,0.8064439296722412,modified
1207,wp-email-login,0.03337407112121582,0.7775914669036865,modified
1208,wp-embed-facebook,0.5197994709014893,2.3715758323669434,default
1209,wp-external-links,0.07011866569519043,1.632613182067871,default
1210,wp-facebook-open-graph-protocol,0.039580583572387695,0.8841762542724609,default
1211,wp-fail2ban,0.03373003005981445,0.7419736385345459,modified
1212,wp-fastest-cache,0.03667569160461426,1.0091173648834229,modified
1213,wp-favorite-posts,0.03329205513000488,0.9076962471008301,default
1214,wp-featherlight,0.033531904220581055,0.7526826858520508,default
1215,wp-file-manager,0.035344600677490234,0.7984271049499512,modified
1216,wp-file-upload,2.956631898880005,0.8075225353240967,default
1217,wp-flexible-map,0.03258466720581055,0.7480547428131104,default
1218,wp-gallery-custom-links,0.03481030464172363,1.098853588104248,default
1219,wp-google-analytics,0.03579354286193848,0.8040187358856201,default
1220,wp-google-fonts,0.03468918800354004,1.3268299102783203,modified
1221,wp-google-map-plugin,0.9187004566192627,5.183232307434082,default
1222,wp-google-maps,0.3311576843261719,7.140477180480957,default
1223,wp-hide-post,1.641716718673706,0.9853134155273438,default
1224,wp-htaccess-control,0.03478407859802246,0.8655738830566406,modified
1225,wp-htaccess-editor,0.026485919952392578,0.7405805587768555,modified
1226,wp-hyper-response,0.03222990036010742,0.7759723663330078,modified
1227,wp-insert,1.2213640213012695,0.8174571990966797,modified
1228,wp-instagram-widget,0.16155028343200684,0.7683579921722412,modified
1229,wp-jalali,0.29750823974609375,1.1624133586883545,default
1230,wp-job-manager,0.5278441905975342,10.27876901626587,default
1231,wp-job-manager-contact-listing,0.06072044372558594,0.7164950370788574,modified
1232,wp-job-manager-locations,0.02911686897277832,0.7709171772003174,modified
1233,wp-jquery-lightbox,0.04122114181518555,0.762732744216919,default
1234,wp-less,0.17068743705749512,0.9109530448913574,modified
1235,wp-lightbox-2,0.03713631629943848,0.7896935939788818,default
1236,wp-limit-login-attempts,0.034191131591796875,2.1164581775665283,modified
1237,wp-link-status,0.02259516716003418,0.7765135765075684,modified
1238,wp-live-chat-support,0.8292536735534668,4.831364631652832,default
1239,wp-mail-bank,0.6541731357574463,3.057447671890259,modified
1240,wp-mail-logging,1.6279261112213135,4.89046049118042,modified
1241,wp-mail-smtp,0.0299985408782959,3.5442328453063965,modified
1242,wp-maintenance,0.31827569007873535,1.420011281967163,modified
1243,wp-maintenance-mode,0.036861419677734375,2.1656334400177,modified
1244,wp-math-captcha,0.02914118766784668,1.0101048946380615,default
1245,wp-media-library-categories,0.036690711975097656,0.807607889175415,modified
1246,wp-members,0.40468478202819824,3.2203550338745117,default
1247,wp-memory-usage,0.03021979331970215,0.7324028015136719,modified
1248,wp-meta-and-date-remover,0.030867338180541992,1.9913575649261475,default
1249,wp-meta-seo,0.05341172218322754,2.040961742401123,default
1250,wp-migrate-db,0.03243446350097656,0.8961310386657715,modified
1251,wp-minify,0.03694748878479004,0.7481348514556885,default
1252,wp-mobile-detect,0.0325932502746582,0.7598586082458496,modified
1253,wp-multibyte-patch,0.032852888107299805,0.999802827835083,modified
1254,wp-native-dashboard,0.03336048126220703,0.8706271648406982,modified
1255,wp-nested-pages,0.037392616271972656,0.8457796573638916,modified
1256,wp-noexternallinks,0.04745340347290039,2.5728096961975098,default
1257,wp-optimize,0.39255666732788086,2.3826804161071777,modified
1258,wp-page-numbers,0.028226613998413086,0.7232813835144043,default
1259,wp-page-widget,0.039998531341552734,0.7831227779388428,modified
1260,wp-pagenavi,0.038761138916015625,0.8827402591705322,default
1261,wp-pagenavi-style,0.03250861167907715,1.1521475315093994,default
1262,wp-paginate,0.03589773178100586,0.9666247367858887,default
1263,wp-parsidate,0.3044168949127197,0.9551677703857422,default
1264,wp-performance-score-booster,0.04633069038391113,1.5770175457000732,default
1265,wp-permalauts,0.034645795822143555,0.7541556358337402,modified
1266,wp-photo-album-plus,128.76268935203552,1.1478791236877441,default
1267,wp-php-widget,0.17639613151550293,0.7377688884735107,modified
1268,wp-piwik,5.963752746582031,0.7580797672271729,modified
1269,wp-polls,0.30107665061950684,10.379750490188599,default
1270,wp-postratings,0.1827070713043213,3.9409115314483643,default
1271,wp-postviews,0.20108246803283691,0.8961308002471924,modified
1272,wp-print,0.03666877746582031,0.8930916786193848,modified
1273,wp-pro-quiz,0.038793325424194336,10.49005389213562,default
1274,wp-product-review,0.7577621936798096,0.7964847087860107,modified
1275,wp-realtime-sitemap,0.04114508628845215,1.0859768390655518,modified
1276,wp-recaptcha-integration,0.04245185852050781,2.7754838466644287,modified
1277,wp-remove-category-base,0.03356456756591797,0.7354736328125,modified
1278,wp-reset,0.03468132019042969,0.7292871475219727,modified
1279,wp-responsive-menu,0.03064584732055664,0.7912857532501221,default
1280,wp-retina-2x,0.03724360466003418,0.8488643169403076,modified
1281,wp-review,0.2229752540588379,0.9651274681091309,default
1282,wp-robots-txt,0.03461718559265137,0.8548460006713867,modified
1283,wp-rollback,0.03586840629577637,0.724372386932373,modified
1284,wp-rss-aggregator,0.5163347721099854,1.5275599956512451,modified
1285,wp-security-audit-log,0.2023470401763916,8.480058908462524,modified
1286,wp-security-scan,5.1087257862091064,8.702409505844116,modified
1287,wp-sendgrid,0.0414271354675293,0.9286782741546631,modified
1288,wp-seo-html-sitemap,0.03299283981323242,0.8833541870117188,modified
1289,wp-seo-qtranslate-x,0.034510135650634766,0.723088264465332,modified
1290,wp-seo-structured-data-schema,0.039104461669921875,1.1818244457244873,default
1291,wp-share-buttons-analytics-by-getsocial,0.030835390090942383,0.7587699890136719,modified
1292,wp-shortcode,0.03467369079589844,0.8128502368927002,default
1293,wp-show-ids,0.036368608474731445,0.8504016399383545,modified
1294,wp-showhide,0.035234689712524414,0.7321135997772217,default
1295,wp-simple-booking-calendar,0.17194819450378418,0.7496445178985596,default
1296,wp-simple-firewall,4.004812002182007,4.8810882568359375,modified
1297,wp-site-migrate,0.07393670082092285,1.215047836303711,modified
1298,wp-sitemap-page,0.07502031326293945,1.5812146663665771,modified
1299,wp-slimstat,0.26064515113830566,0.7775759696960449,default
1300,wp-smtp,0.07458281517028809,0.9101905822753906,modified
1301,wp-smushit,0.08352994918823242,1.1300020217895508,modified
1302,wp-social-bookmarking-light,0.09625363349914551,0.8051784038543701,default
1303,wp-social-likes,0.0669853687286377,1.3117759227752686,default
1304,wp-social-sharing,0.4782719612121582,0.7959253787994385,modified
1305,wp-socializer,0.2423861026763916,0.8399240970611572,default
1306,wp-spamshield,0.4818992614746094,3.568629741668701,default
1307,wp-statistics,0.21356844902038574,1.35555100440979,modified
1308,wp-sticky,0.08446145057678223,1.809396505355835,modified
1309,wp-store-locator,0.08063101768493652,6.531511545181274,default
1310,wp-subscribe,0.20984101295471191,0.9634354114532471,modified
1311,wp-subtitle,0.07802128791809082,0.8917081356048584,modified
1312,wp-super-cache,0.13452935218811035,3.2641377449035645,modified
1313,wp-super-cache-clear-cache-menu,0.07066655158996582,0.7616121768951416,modified
1314,wp-super-minify,0.09871459007263184,1.7104954719543457,default
1315,wp-sweep,0.06326103210449219,0.7761075496673584,modified
1316,wp-tab-widget,0.22226405143737793,0.9066946506500244,modified
1317,wp-table-reloaded,0.0641481876373291,1.1431612968444824,modified
1318,wp-to-twitter,1.4095380306243896,3.6364715099334717,default
1319,wp-total-hacks,0.07788991928100586,0.8828542232513428,modified
1320,wp-twitter-feeds,0.21776986122131348,0.8603782653808594,default
1321,wp-ultimate-csv-importer,0.08578920364379883,7.56242561340332,default
1322,wp-updates-notifier,0.0649721622467041,1.1419932842254639,modified
1323,wp-user-avatar,0.24384498596191406,1.0288496017456055,default
1324,wp-useronline,0.0800478458404541,8.010371208190918,modified
1325,wp-video-lightbox,0.059293508529663086,1.8364448547363281,default
1326,wp-visual-icon-fonts,0.07391786575317383,0.7610838413238525,default
1327,wp125,0.3922288417816162,4.131678581237793,default
1328,wpcat2tag-importer,0.07515382766723633,0.8050012588500977,modified
1329,wpdatatables,0.5278072357177734,7.60202431678772,modified
1330,wpdiscuz,0.12370824813842773,5.548979759216309,modified
1331,wpforms-lite,0.23272371292114258,1.9315245151519775,modified
1332,wpfront-notification-bar,0.050147056579589844,0.8932144641876221,modified
1333,wpfront-scroll-top,0.07018566131591797,0.8158566951751709,modified
1334,wpfront-user-role-editor,0.15742731094360352,2.7752537727355957,modified
1335,wpgform,0.06975865364074707,1.0419268608093262,default
1336,wpglobus,0.2388005256652832,2.8337602615356445,default
1337,wpide,0.046286582946777344,0.945366382598877,modified
1338,wpmandrill,0.06931161880493164,0.8693737983703613,modified
1339,wpml-widgets,0.0718529224395752,0.7761518955230713,modified
1340,wpremote,0.9357407093048096,0.8356742858886719,modified
1341,wps-hide-login,0.07357978820800781,0.7986257076263428,default
1342,wptouch,0.2544443607330322,1.5181879997253418,default
1343,ws-facebook-likebox,0.2182626724243164,0.8067505359649658,modified
1344,wufoo-shortcode,0.06569719314575195,0.8110506534576416,modified
1345,wunderground,0.42441773414611816,0.8696165084838867,default
1346,www-xml-sitemap-generator-org,0.86063551902771,11.860379934310913,default
1347,wysija-newsletters,1.2658324241638184,1.6961755752563477,default
1348,wysiwyg-widgets,0.31812262535095215,0.8657209873199463,modified
1349,xcloner-backup-and-restore,0.07551693916320801,0.7784762382507324,modified
1350,xml-sitemap-feed,1.267906665802002,1.5360298156738281,modified
1351,xml-sitemaps,0.07756710052490234,0.9015908241271973,modified
1352,xml-sitemaps-for-videos,0.07011008262634277,0.9183778762817383,modified
1353,yandex-metrica,0.07187819480895996,0.8579502105712891,modified
1354,yandex-metrika,0.07031941413879395,0.8673295974731445,modified
1355,yet-another-related-posts-plugin,0.6198329925537109,1.4536776542663574,default
1356,yet-another-stars-rating,0.5705792903900146,5.813693284988403,default
1357,yikes-inc-easy-custom-woocommerce-product-tabs,0.2312159538269043,1.1319160461425781,modified
1358,yikes-inc-easy-mailchimp-extender,2.1776461601257324,2.6309025287628174,modified
1359,yith-essential-kit-for-woocommerce-1,0.09778952598571777,1.7086842060089111,modified
1360,yith-maintenance-mode,0.06935358047485352,0.8647670745849609,modified
1361,yith-woocommerce-ajax-navigation,0.05298447608947754,1.061772346496582,modified
1362,yith-woocommerce-ajax-search,0.06448101997375488,0.9578554630279541,modified
1363,yith-woocommerce-catalog-mode,0.0837256908416748,0.9813868999481201,modified
1364,yith-woocommerce-compare,0.06669998168945312,1.05903959274292,modified
1365,yith-woocommerce-quick-view,0.06620669364929199,0.9954817295074463,modified
1366,yith-woocommerce-social-login,0.06864404678344727,0.9813897609710693,modified
1367,yith-woocommerce-wishlist,0.06283020973205566,1.007108449935913,modified
1368,yith-woocommerce-zoom-magnifier,0.0739896297454834,1.033433198928833,modified
1369,yop-poll,0.07740974426269531,17.49631118774414,modified
1370,youtube-channel,0.23384571075439453,1.3816485404968262,default
1371,youtube-channel-gallery,0.23438119888305664,1.2049498558044434,default
1372,youtube-embed,0.5257172584533691,1.459214210510254,default
1373,youtube-embed-plus,0.0871577262878418,1.2073078155517578,default
1374,youtube-video-player,0.08203744888305664,1.0440058708190918,default
1375,youtube-widget-responsive,0.22685718536376953,1.037456750869751,default
1376,yuzo-related-post,0.06803131103515625,0.9349033832550049,default
1377,zero-spam,2.5023369789123535,0.8739221096038818,default
1378,zopim-live-chat,0.0775301456451416,0.8784599304199219,modified
