001-prime-strategy-translate-accelerator,1.1.1
301-redirects,0.3
404-redirected,1.4.9
404-redirection,1.8
404-to-301,2.3.3
404-to-start,1.6
404page,3.1
a3-lazy-load,1.8.2
accelerated-mobile-pages,0.9.59
accesspress-instagram-feed,2.2.8
accesspress-social-icons,1.6.8
accesspress-social-login-lite,3.2.8
accesspress-twitter-feed,1.5.6
accordion-shortcodes,2.3.3
accordions,2.0.18
acf-content-analysis-for-yoast-seo,2.0.0
acf-field-date-time-picker,2.1.5
acf-image-crop-add-on,1.4.12
acf-qtranslate,1.7.23
activecampaign-subscription-forms,6.2.12
acurax-social-media-widget,3.2.4
ad-injection,1.2.0.19
ad-inserter,2.1.14
ad-widget,2.15.0
add-category-to-pages,1.0
add-from-server,3.3.3
add-link-to-facebook,2.3
add-logo-to-admin,1.6.2
add-meta-tags,2.11.3
add-to-any,1.7.16
addfunc-head-footer-code,1.4
addon-elements-for-elementor-page-builder,0.5
addon-so-widgets-bundle,2.4.1
addons-for-visual-composer,1.6.1
addquicktag,2.5.1
addthis,6.1.0
addthis-follow,4.1.0
admin-custom-login,2.5.3.2
admin-management-xtended,2.4.1
admin-menu-editor,1.8
admin-menu-tree-page-view,2.6.9
admin-post-navigation,2.0
adminimize,1.11.2
adrotate,4.6.1
adsense-manager,4.0.3
advanced-access-manager,4.9.2
advanced-ads,1.8.4
advanced-code-editor,2.2.7
advanced-custom-fields,4.4.11
advanced-custom-fields-font-awesome,1.7.4
advanced-database-cleaner,2.0.0
advanced-excerpt,4.2.3
advanced-iframe,7.5
advanced-image-styles,0.4
advanced-menu-widget,0.4.1
advanced-post-slider,2.5.0
advanced-random-posts-widget,2.1.0
advanced-recent-posts,0.6.14
advanced-responsive-video-embedder,8.7.2
advanced-text-widget,2.0.10
advanced-wp-columns,2.0.6
advanced-wp-reset,1.0.1
affilinet-performance-module,1.8.7
ag-custom-admin,5.7.3
ajax-load-more,3.2.0
ajax-search-lite,4.7.7
ajax-thumbnail-rebuild,1.12
akismet,3.3.4
akismet-privacy-policies,1.1.2
all-404-redirect-to-homepage,1.7
all-in-one-event-calendar,2.5.22
all-in-one-favicon,4.6
all-in-one-schemaorg-rich-snippets,1.5.1
all-in-one-seo-pack,2.3.16
all-in-one-webmaster,13.1
all-in-one-wp-migration,6.55
all-in-one-wp-security-and-firewall,4.2.8
allow-php-in-posts-and-pages,3.0.4
amazon-associates-link-builder,1.4.8
amazon-s3-and-cloudfront,1.2
amazon-web-services,1.0.3
amazonjs,0.8
amp,0.5.1
amr-shortcode-any-widget,3.6
analytics-code,1.2.3
analytics-counter,3.5.6
animate-it,2.1.8
anti-spam,4.3
antispam-bee,2.7.1
antivirus,1.3.9
any-mobile-theme-switcher,2.1
api-key-for-google-maps,1.1.0
aqua-page-builder,1.1.5
aryo-activity-log,2.3.4
asesor-cookies-para-la-ley-en-espana,0.26
async-javascript,2.17.06.13
attachments,3.5.7
audit-trail,1.3
auto-post-thumbnail,3.4.1
auto-terms-of-service-and-privacy-policy,1.8.1
autodescription,2.9.3
automatic-updater,1.0.2
autoptimize,2.2.2
awesome-weather,1.5.11
backlinks-saver,1.0
backwpup,3.4.1
baidu-sitemap-generator,1.6.5
baw-login-logout-menu,1.3.3
baw-post-views-count,3.0.2
bbpress,2.5.13
beaver-builder-lite-version,1.10.7
better-analytics,1.2.3
better-click-to-tweet,5.2.1
better-delete-revision,1.6.1
better-font-awesome,1.7.1
better-search-replace,1.3
better-wp-security,6.5.1
bj-lazy-load,1.0.9
black-studio-tinymce-widget,2.4.2
block-bad-queries,20170730
blogger-importer,0.9
blogvault-real-time-backup,1.48
bm-custom-login,2.1
booking,7.2
bootstrap-3-shortcodes,3.3.10
bootstrap-for-contact-form-7,1.4.4
bootstrap-shortcodes,3.4.0
breadcrumb-navxt,5.7.1
breadcrumb-trail,1.0.0
breadcrumbs,0.8.5
broken-link-checker,1.11.5
brute-force-login-protection,1.5.3
bruteprotect,2.5
buddypress,2.9.1
buddypress-media,4.4.3
bulk-delete,5.5.6
bulk-page-creator,1.1.0
bulletproof-security,2.3
business-directory-plugin,4.1.14.1
buttons-shortcode-and-widget,1.9
bwp-google-xml-sitemaps,1.4.1
bwp-minify,1.3.3
bwp-recaptcha,2.0.3
cache-enabler,1.2.2
cachify,2.2.4
calculated-fields-form,1.0.171
caldera-forms,1.5.5
calendar,1.3.9
call-now-button,0.2.1
capability-manager-enhanced,1.5.7
capsman,1.3.2
captcha,4.3.1
cardoza-facebook-like-box,2.9.1
carousel-horizontal-posts-content-slider,3.2.6
carousel-slider,1.7.2
carousel-without-jetpack,0.7.5
catch-ids,1.4.6
categories-images,2.5.3
category-posts,4.7.2
cbnet-ping-optimizer,3.0
cf7-conditional-fields,1.3.4
cforms2,14.13.3
check-and-enable-gzip-compression,1.1.11
check-email,0.5.5
cherry-sidebars,1.1.1
cherry-testi,1.1.0.2
child-theme-configurator,2.2.8.1
child-themify,1.2.0
cimy-user-extra-fields,2.7.2
ckeditor-for-wordpress,4.5.3.3
clean-and-simple-contact-form-by-meg-nicholas,4.6.2
cleantalk-spam-protect,5.73
clickfunnels,3.1.1
clicky,1.6
clone-posts,1.0
cloudflare,3.3.1
cloudflare-flexible-ssl,1.2.2
cmb2,2.2.5.3
cms-commander-client,2.24
cms-tree-page-view,1.3.4
co-authors-plus,3.2.2
codelights-shortcodes-and-widgets,1.1.4
codepeople-post-map,1.0.7
codepress-admin-columns,3.0.3
column-shortcodes,1.0
columns,0.7.3
comet-cache,170220
coming-soon,5.0.12
coming-soon-maintenance-mode-from-acurax,2.5.3
coming-soon-page,3.0.2
commentluv,2.94.7
comments-from-facebook,1.8.0
compact-wp-audio-player,1.9.6
comprehensive-google-map-plugin,9.1.2
conditional-widgets,2.2
configure-smtp,3.1
constant-contact-forms,1.3.4
contact-bank,2.1.41
contact-form-7,4.9
contact-form-7-add-confirm,4.8
contact-form-7-datepicker,2.6.0
contact-form-7-dynamic-text-extension,2.0.2.1
contact-form-7-honeypot,1.10
contact-form-7-mailchimp-extension,0.4.45
contact-form-7-skins,1.2.1
contact-form-7-style,3.1.2
contact-form-7-success-page-redirects,1.2.0
contact-form-7-widget,1.0
contact-form-add,1.8.4
contact-form-builder,1.0.60
contact-form-by-supsystic,1.3.1
contact-form-cfdb7,1.1.4
contact-form-maker,1.11.11
contact-form-plugin,4.0.7
contact-form-submissions,1.6
contact-form-to-email,1.2.09
content-aware-sidebars,3.6.2
content-views-query-and-display-post-page,1.9.9.2
contextual-related-posts,2.4.1
cookie-law-info,1.5.3
cookie-notice,1.2.38
cookies-for-comments,0.5.5
count-per-day,3.5.7
counterize,3.1.5
cpo-content-types,1.1.0
cpt-bootstrap-carousel,1.9.1
crayon-syntax-highlighter,2.8.4
crazy-bone,0.6.0
crazyegg-heatmap-tracking,2.0
crelly-slider,1.2.2
crop-thumbnails,0.10.14
cryout-theme-settings,0.5.8
css-javascript-toolbox,8.3.1
csv-importer,0.3.8
custom-contact-forms,7.8.5
custom-css-js,3.5
custom-facebook-feed,2.4.6
custom-favicon,1.0.3
custom-field-suite,2.5.10
custom-field-template,2.3.7
custom-login,3.2.5
custom-menu-wizard,3.3.0
custom-meta-widget,1.4.8
custom-permalinks,1.0.2
custom-post-template,1.5
custom-post-type-permalinks,3.1.3
custom-post-type-ui,1.5.5
custom-post-widget,3.0.2
custom-share-buttons-with-floating-sidebar,3.2
custom-sidebars,3.0.9
custom-taxonomy-order-ne,2.9.1
custom-user-profile-photo,0.5.3
customify,1.5.3
customizer-export-import,0.7
cyclone-slider,3.2.0
cyclone-slider-2,3.2.0
cyr2lat,3.2
cyr3lat,3.5
data-tables-generator-by-supsystic,1.6.5
debug-bar,0.9
delete-pending-comments,0.2.1.1
dirtysuds-embed-pdf,1.0.6
disable-comments,1.7
disable-emojis,1.7
disable-feeds,1.4.4
disable-google-fonts,1.3
disable-json-api,1.3
disable-wordpress-core-update,1.5
disable-xml-rpc,1.0.1
disable-xml-rpc-pingback,1.1
display-posts-shortcode,2.8.0
disqus-comment-system,2.87
ditty-news-ticker,2.1.10
dk-pricr-responsive-pricing-table,4.3.2
document-gallery,4.4.2
download-monitor,1.9.7
drafts-scheduler,1.9.3
dropbox-backup,1.5.1.4
dropdown-menu-widget,1.9.5
duplicate-menu,0.2
duplicate-page,2.3
duplicate-post,3.2
duplicator,1.2.18
duracelltomi-google-tag-manager,1.7.1
dw-question-answer,1.4.5
dynamic-featured-image,3.6.1
dynamic-to-top,3.5.1
dynamic-widgets,1.5.13
easing-slider,3.0.8
easy-adsense-lite,8.7
easy-bootstrap-shortcodes,4.5.4
easy-columns,v2.1.3
easy-coming-soon,1.9.6.1
easy-custom-auto-excerpt,2.4.5
easy-custom-sidebars,1.0.9
easy-digital-downloads,2.8.4
easy-facebook-likebox,4.3.1
easy-fancybox,1.6
easy-google-fonts,1.4.3
easy-image-gallery,1.2.1
easy-media-download,1.1.2
easy-pie-maintenance-mode,1.0.1
easy-pricing-tables,2.3.8
easy-smooth-scroll-links,2.1.1
easy-social-icons,3.0.5
easy-social-share-buttons,1.4.2
easy-theme-and-plugin-upgrades,2.0.0
easy-twitter-feed-widget,0.6
easy-video-player,1.1.6
easy-watermark,0.6.0
easy-wp-smtp,1.2.6
easyazon,4.0.18
ecwid-shopping-cart,5.5
edit-author-slug,1.5.2
editorial-calendar,3.6.4
eig-sso,1.0.2
elementor,1.6.5
elementor-templater,1.1.3
email-address-encoder,1.0.5
email-encoder-bundle,1.4.6
email-subscribers,3.3.5
email-users,4.8.7
embed-any-document,2.3.1
enable-media-replace,3.1.1
enhanced-e-commerce-for-woocommerce-store,1.1.0
enhanced-media-library,2.4.5
enhanced-text-widget,1.4.5
enjoy-instagram-instagram-responsive-images-gallery-and-carousel,3.4
entry-views,1.0.0
envira-gallery-lite,1.6.1.6
erident-custom-login-and-dashboard,3.5.4
eu-cookie-law,2.10
event-calendar-wd,1.1.2
event-list,0.7.9
event-organiser,3.2.0
event-tickets,4.5.4
events-manager,5.7.3
ewww-image-optimizer,3.6.1
exclude-pages,1.92
exploit-scanner,1.5.2
export-user-data,1.3.1
extended-categories-widget,4.0.6
facebook-auto-publish,1.4.4
facebook-button-plugin,2.55
facebook-by-weblizar,2.4.7
facebook-comments-plugin,2.3.6
facebook-conversion-pixel,2.1.0
facebook-like-box-widget,2.9
facebook-members,7.2
facebook-page-feed-graph-api,1.6.1
facebook-page-promoter-lightbox,4.1.1
facebook-pagelike-widget,4.2.1
facebook-thumb-fixer,1.7.5
famethemes-demo-importer,1.0.3
fancy-box,1.1.0
fancybox-for-wordpress,3.0.13
far-future-expiry-header,1.4
fast-velocity-minify,2.2.1
faster-image-insert,2.4.1
favicon-by-realfavicongenerator,1.3.11
favicon-rotator,1.2.7
favicon-xt-manager,1.0
fb-instant-articles,4.0.5
fb-display-events-shortcode,1.1
featured-content-gallery,3.2.0
featured-images-for-rss-feeds,1.4.7
featured-video-plus,2.3.3
features-by-woothemes,1.5.0
feed-them-social,2.2.7
feedburner-plugin,1.48
feedwordpress,2016.1213
feedzy-rss-feeds,3.2.0
file-manager,4.1.6
final-tiles-grid-gallery-lite,3.0.5
flamingo,1.7
flash-album-gallery,4.48
flexi-pages-widget,1.7.3
flexible-posts-widget,3.5.0
flickr-badges-widget,1.3.0
flickr-rss,5.3.1
floating-social-bar,1.1.7
floating-social-media-icon,4.2.5
font-awesome,3.2.1
font-awesome-4-menus,4.7.0
font-organizer,2.1.1
fonts,2.3
foobox-image-lightbox,1.2.27
foogallery,1.3.8
footer-putter,1.14.1
force-regenerate-thumbnails,2.0.6
forget-about-shortcode-buttons,2.1.1
form-maker,1.11.11
formget-contact-form,5.4.1
formidable,2.04.01
forms-contact,1.4.9
fourteen-colors,1.4
fruitful-shortcodes,1.6
fully-background-manager,2.1
fv-top-level-cats,1.8.2
fv-wordpress-flowplayer,6.2.6
ga-google-analytics,20170731
gallery-images,2.2.5
gallery-plugin,4.5.1
gallery-video,2.2.0
gantry,4.1.13
genesis-columns-advanced,2.0.3
genesis-connect-woocommerce,0.9.9
genesis-enews-extended,2.0.2
genesis-favicon-uploader,.1.1b
genesis-responsive-slider,0.9.5
genesis-simple-edits,2.2.0
genesis-simple-hooks,2.2.0
genesis-simple-share,1.0.9
genesis-simple-sidebars,2.1.0
genesis-title-toggle,1.7.1
genesis-translations,2.4.1
get-the-image,1.0.1
gigpress,2.3.19
give,1.8.12
glue-for-yoast-seo-amp,0.4.2
gmap-embed,1.2.1
godaddy-email-marketing-sign-up-forms,1.2.0
google-analyticator,6.5.4
google-analytics-dashboard-for-wp,5.1.1.1
google-analytics-for-wordpress,6.2.2
google-authenticator,0.48
google-calendar-events,3.1.10
google-captcha,1.31
google-document-embedder,2.6.2
google-image-sitemap,2.1.3
google-language-translator,5.0.31
google-map-shortcode,3.1.2
google-maps-builder,2.1.2
google-maps-widget,3.58
google-pagespeed-insights,2.0.3
google-sitemap-generator,4.0.9
google-sitemap-plugin,3.1.0
google-tag-manager,1.0.2
google-universal-analytics,2.4.2
google-xml-sitemaps-v3-for-qtranslate,3.4.1
googleanalytics,2.1.3
gotmls,4.17.29
grand-media,1.11.1
gravity-forms-css-ready-selector,1.1
gravity-forms-no-captcha-recaptcha,1.0.7
gravity-forms-pdf-extended,4.3.0
gravity-forms-placeholders,1.2.1
groups,2.3.0
growmap-anti-spambot-plugin,1.5.6
gtranslate,2.8.26
gwolle-gb,2.2.1
gzip-ninja-speed-compression,1.2.3
hc-custom-wp-admin-url,1.3.2
head-footer-code,1.0.7
header-and-footer-scripts,1.3.4
headspace2,3.6.41
heartbeat-control,1.0.3
hide-admin-bar,0.3.8.1
hide-admin-bar-from-non-admins,1.0
hide-featured-image,1.2
hide-my-site,2.0.5
hide-plugin-updates-notifications,1.0
hide-title,1.0.4
hide-youtube-related-videos,1.4.2
homepage-control,2.0.2
horizontal-scrolling-announcement,8.7
hotfix,1.0
html-editor-syntax-highlighter,2.1.0
html-on-pages,1.1
html-sitemap,1.3
https-redirection,1.6
hubspot-tracking-code,1.2.1
hueman-addons,2.0.11
hupso-share-buttons-for-twitter-facebook-google,4.1.2
hyper-cache,3.3.4
icegram,1.10.9.1
if-menu,0.6.3
ifeature-slider,1.2
iframe,4.3
igniteup,3.2
image-slider-widget,1.1.95
image-watermark,1.6.1
image-widget,4.4.5
imagemagick-engine,1.5.2
imagify,1.6.9.1
import-users-from-csv-with-meta,1.10.6.9
improved-include-page,1.0
imsanity,2.3.9
infinite-scroll,2.6.2
insert-headers-and-footers,1.4.2
insert-html-snippet,1.2.2
insert-pages,3.2.2
insert-php,1.3
insert-post-ads,1.1.2
instagram-feed,1.4.9
intelly-related-posts,2.2.0
intergeo-maps,2.1.3
intuitive-custom-post-order,3.1.0
invisible-recaptcha,1.1
ip-geo-block,3.0.4.1
iq-block-country,1.1.43
italy-cookie-choices,2.5.1
ithemes-sync,2.0.0
itro-popup,5.0.2
iwp-client,1.6.4.2
jetpack,5.2.1
jonradio-multiple-themes,7.1.1
jonradio-private-site,2.14.1
jquery-collapse-o-matic,1.7.6
jquery-colorbox,4.6.2
jquery-lightbox-for-native-galleries,3.2.2
jquery-mega-menu,1.3.10
jquery-pin-it-button-for-images,2.3.3
jquery-smooth-scroll,1.4.1
jquery-t-countdown-widget,2.3.17
jquery-updater,3.2.1
jquery-vertical-accordion-menu,3.1.2
js-composer-qtranslate-x,1.0
json-api,1.1.1
json-rest-api,1.2.5
juiz-social-post-sharer,1.4.7
kebo-twitter-feed,1.5.12
kimili-flash-embed,2.5.3
kingcomposer,2.6.14
kirki,3.0.9
kiwi-logo-carousel,1.7.4
kiwi-social-share,2.0.4
kk-star-ratings,2.6
kraken-image-optimizer,2.6.2
ktai-entry,0.9.1.2
ktai-style,2.0.5
landing-pages,2.6.1
latest-tweets-widget,1.1.4
lazy-load,0.6.1
leadin,6.1.4
leaflet-maps-marker,3.12.1
learnpress,2.1.7.4
lightbox,2.1.0
lightbox-gallery,0.8.3
like-box,0.7.75
like-box-widget,1.0
limit-login-attempts,1.7.1
limit-login-attempts-reloaded,2.6.1
link-juice-keeper,1.2.3
link-manager,0.1-beta
list-category-posts,0.72
litespeed-cache,1.1.6
live-composer-page-builder,1.3.4
livemesh-siteorigin-widgets,1.5.3
lj-maintenance-mode,2.3.2
llorix-one-companion,1.1.4
lockdown-wp-admin,2.3.2
loco-translate,2.0.15
login-customizer,1.1.0
login-form-recaptcha,1.6
login-lockdown,v1.7.1
login-logo,0.7
login-security-solution,0.56.0
login-sidebar-widget,5.6.1
login-with-ajax,3.1.7
loginizer,1.3.6
logo-slider,1.4.7
magee-shortcodes,1.6.0
mail-subscribe-list,2.1.3
mailchimp,1.5.7
mailchimp-for-wp,4.1.6
mailchimp-forms-by-mailmunch,3.0.5
mailchimp-widget,0.8.12
mailgun,1.5.8.4
mailmunch,3.0.6
maintenance,3.5.1
maintenance-page,1.0.8
mainwp-child,3.4.3
mainwp-child-reports,1.7
manual-image-crop,1.12
mappress-google-maps-for-wordpress,2.44.5
mashsharer,3.4.4
master-slider,3.1.1
maxbuttons,6.21
mb-sitemap-generator,1.4.0
mce-table-buttons,3.2
mechanic-visitor-counter,3.2.2
media-element-html5-video-and-audio-player,2.10.3
media-file-renamer,3.6.4
media-from-ftp,9.76
media-library-assistant,2.60
megamenu,2.3.7.1
meks-easy-ads-widget,2.0.1
meks-flexible-shortcodes,1.3
meks-simple-flickr-widget,1.1.3
meks-smart-author-widget,1.0.9
meks-smart-social-widget,1.3.3
meks-themeforest-smart-widget,1.2
members,2.0.0
menu-icons,0.10.2
menu-image,2.7.0
meta-box,4.12.3
meta-manager,1.0.8
meta-tag-manager,2.1
meteor-slides,1.5.6
metronet-profile-picture,1.4.3
metronet-reorder-posts,2.4.0
minify-html-markup,1.98
minimal-coming-soon-maintenance-mode,1.30
miniorange-login-openid,5.1.3
ml-slider,3.5.1
mobble,1.6
mollie-payments-for-woocommerce,2.6.0
motopress-content-editor-lite,2.4.1
movabletype-importer,0.4
mp3-jplayer,2.7.2
multi-device-switcher,1.5.4
multiple-post-thumbnails,1.6.6
mw-wp-form,3.2.1
my-calendar,2.5.12
my-custom-css,3.1
my-custom-functions,4.6
my-wp-login-logo,2.0
mystickymenu,1.9.1
nav-menu-images,3.4
nav-menu-roles,1.8.6
new-google-plus-badge-widget,1.1.2
new-user-approve,1.7.5
newpost-catch,1.3.4
newsletter,5.0.3
newsletter-sign-up,2.0.7
newstatpress,1.2.7
nextcellent-gallery-nextgen-legacy,1.9.32
nextend-facebook-connect,2.0.2
nextend-google-connect,1.6.1
nextgen-gallery,2.2.12
nginx-helper,1.9.10
ninja-forms,3.1.9
ninjafirewall,3.5.2
nivo-slider-lite,2.1.0
nk-google-analytics,1.4.13
no-category-base-wpml,1.3
no-page-comment,1.2
no-right-click-images-plugin,2.5
no-self-ping,0.2
nofollow-for-external-link,1.2.1
oa-social-login,5.3
oauth-twitter-feed-for-developers,2.3.0
official-statcounter-plugin-for-wordpress,2.0.1
oh-add-script-header-footer,2.3
olevmedia-shortcodes,1.1.9
one-click-child-theme,1.6
one-click-close-comments,2.4
one-click-demo-import,2.4.0
onesignal-free-web-push-notifications,1.16.0
only-tweet-like-share-and-google-1,1.7.8
open-external-links-in-a-new-window,1.3.1
opml-importer,0.2
optimus,1.4.9
optin-forms,1.2.8.3
optinmonster,1.2.1
option-tree,2.6.0
options-framework,1.8.5
orbisius-child-theme-creator,1.3.9
order-categories,1.0.3
os-related-post,2.2
otf-regenerate-thumbnails,0.3
ozh-admin-drop-down-menu,3.6.10
p3-profiler,1.5.3.9
page-links-to,2.9.9
page-list,5.1
page-or-post-clone,0.1
page-scroll-to-id,1.6.2
pagemash,1.3.0
pagerestrict,2.2.8
password-protected,2.0.3
paypal-donations,1.9.3
pc-robotstxt,1.9
pdf-embedder,3.0.1
pdf-viewer,0.1
per-page-add-to,1.4.2
persian-woocommerce,3.1.1
peters-login-redirect,2.9.1
photo-gallery,1.3.52
php-code-widget,2.3
php-compatibility-checker,1.4.3
php-text-widget,1.0.8
pinterest-pin-it-button,2.1.0.1
pinterest-pin-it-button-on-image-hover-and-post,2.4.0
pirate-forms,2.0.5
piwik-analytics,1.0.2
pixabay-images,3.0
pixcodes,2.3.4
pixelyoursite,5.0.7
pixtypes,1.4.6
platinum-seo-pack,1.3.8
plugin-organizer,9.2.1
pods,2.6.10
pojo-sidebars,1.0.3
polldaddy,2.0.34
polylang,2.2
popup-builder,2.6.4
popup-maker,1.6.6
popupally,2.0.1
popups,1.7.3
portfolio-gallery,2.4.1
portfolio-post-type,0.9.3
post-duplicator,2.20
post-expirator,2.3.1.1
post-grid,2.0.21
post-plugin-library,2.6.2.1
post-snippets,2.5.3
post-tags-and-categories-for-pages,1.4.1
post-thumbnail-editor,2.4.8
post-type-archive-links,1.3.1
post-type-switcher,3.0.0
post-types-order,1.9.3.3
post-views-counter,1.2.7
postie,1.9.4
postman-smtp,1.7.2
posts-in-page,1.3.0
posts-to-posts,1.6.5
powerpress,7.1.1
pretty-link,2.1.1
pricing-table-by-supsystic,1.4.5
product-import-export-for-woo,1.3.7
profile-builder,2.6.6
projects-by-woothemes,1.5.0
protect-wp-admin,2.6
ps-auto-sitemap,1.1.9
ps-disable-auto-formatting,1.0.10
public-post-preview,2.6.0
pubsubhubbub,2.2.0
pushpress,0.1.7.2
q2w3-fixed-widget,5.0.4
qtranslate-slug,1.1.18
qtranslate-x,3.4.6.8
query-monitor,2.13.4
quick-adsense-reloaded,1.5.9
quick-featured-images,13.2.2
quick-pagepost-redirect-plugin,5.1.8
rating-widget,2.8.8
raw-html,1.5
re-add-underline-justify,0.1.4
real-time-find-and-replace,3.9
really-simple-captcha,2.0.1
really-simple-csv-importer,1.3
really-simple-facebook-twitter-share-buttons,4.5
really-simple-ssl,2.5.20
recent-facebook-posts,2.0.11
recent-posts-widget-with-thumbnails,5.1
recent-tweets-widget,1.6.7
redirection,2.7.1
redis-cache,1.3.5
redux-framework,3.6.5
regenerate-thumbnails,2.2.6
related-posts-thumbnails,1.6.0
relevanssi,3.5.12
remove-category-url,1.1
remove-dashboard-access-for-non-admins,1.1.3
remove-footer-credit,1.0
remove-google-fonts-references,2.6
remove-query-strings-from-static-resources,1.4
remove-widget-titles,1.0
remove-xmlrpc-pingback-ping,1.0.0
rename-wp-login,2.5.5
reset-wp,1.1
resize-image-after-upload,1.8.1
responsive-add-ons,1.0.7
responsive-lightbox,1.7.2
responsive-lightbox-lite,1.3.2
responsive-menu,3.1.6
responsive-select-menu,1.7
responsive-slider,0.1.9
rest-api,2.0-beta15
restaurant-reservations,1.7.6
restrict-widgets,1.3.1
restricted-site-access,6.0.1
reveal-ids-for-wp-admin-25,1.5.2
revision-control,2.3.2
rich-text-tags,1.8
robo-gallery,2.6.20
rocket-maintenance-mode,3.7.3
root-relative-urls,2.3
roses-like-this,1.6.2
rotatingtweets,1.9
rss-footer,0.9.9
rss-import,4.4.17
rss-importer,0.2
rss-includes-pages,3.7
rss-post-importer,2.5.2
rus-to-lat-advanced,1.1
rustolat,0.3
rvg-optimize-database,4.4
s2member,170722
safe-redirect-manager,1.7.8
saphali-woocommerce-lite,1.7.1
sassy-social-share,3.1.2
scalable-vector-graphics-svg,3.4
scripts-n-styles,3.4.3
scripts-to-footerphp,0.6.1
scroll-back-to-top,1.1.3
search-and-replace,3.1.2
search-everything,8.1.9
search-exclude,1.2.2
search-filter,1.2.9
search-meter,2.13.2
search-regex,1.4.16
secure-wordpress,3.0.4
sem-external-links,6.8.1
sendgrid-email-delivery-simplified,1.11.6
seo-automatic-links,3.0.1
seo-image,3.0.5
seo-optimized-images,1.7
seo-redirection,4.7
seo-ultimate,7.6.5.9
seo-wordpress,3.0.2
server-ip-memory-usage,2.0.3
sg-cachepress,3.3.2
shapely-companion,1.0.7
shareaholic,8.1.0
shiftnav-responsive-mobile-menu,1.6.1.2
shortcode-ui,0.7.2
shortcode-widget,1.4
shortcoder,4.1
shortcodes-ultimate,4.10.2
shortpixel-image-optimiser,4.6.0
show-current-template,0.3.0
show-hide-author,2.3
si-captcha-for-wordpress,3.0.2
si-contact-form,4.0.55
sidebar-login,2.7.3
sidekick,2.6.8
similar-posts,2.75
simple-301-redirects,1.07
simple-301-redirects-addon-bulk-uploader,1.0.14
simple-css,0.4
simple-custom-css,3.3
simple-custom-post-order,2.3.2
simple-embed-code,2.2.2
simple-facebook-plugin,1.5
simple-follow-me-social-buttons-widget,3.3.3
simple-full-screen-background-image,1.2
simple-google-analytics,2.2.2
simple-google-map,4.2
simple-google-sitemap-xml,1.5.0
simple-history,2.18
simple-image-sizes,3.1.1
simple-image-widget,4.4.1
simple-lightbox,2.6.0
simple-local-avatars,2.0
simple-login-lockdown,1.1
simple-login-log,1.1.2
simple-map,4.7.0
simple-membership,3.5.6
simple-page-ordering,2.2.4
simple-page-sidebars,1.2.0
simple-share-buttons-adder,6.3.6
simple-sitemap,2.1
simple-social-buttons,1.8.1
simple-social-icons,2.0.1
simple-tags,2.4.7
simple-twitter-tweets,4.4
simple-wp-sitemap,1.1.9
simply-exclude,2.0.6.6
simply-show-ids,1.3.3
single-post-template,1.4.4
site-is-offline-plugin,1.6.6
sitemap,4.3
siteorigin-panels,2.5.11
slider,2.4.5
slider-image,4.0.5
slideshow-gallery,1.6.7.1
slideshow-jquery-image-gallery,2.3.1
smart-slider-2,2.3.13
smart-slider-3,3.2.4
smart-youtube,4.3
smk-sidebar-generator,3.1
smooth-scroll-up,1.2
smooth-slider,2.8.7
smtp-mailer,1.0.3
snazzy-maps,1.1.3
sns-count-cache,0.11.1
so-css,1.1.4
so-widgets-bundle,1.9.8
sociable,4.3.4.1
social-count-plus,3.3.6
social-icons,1.6.0
social-locker,4.5.5
social-media-builder,2.0.8
social-media-feather,1.8.4
social-media-icons-widget,16.07
social-media-widget,4.0.6
social-networks-auto-poster-facebook-twitter-g,3.8.7
social-polls-by-opinionstage,18.2.1
social-pug,1.3.6
social-sharing-toolkit,2.5
social-warfare,2.3.1
soliloquy-lite,2.5.1.3
soundcloud-is-gold,2.4.3
soundcloud-shortcode,3.0.2
soundy-background-music,3.9
sp-news-and-widget,3.3.4
spacer,3.0.4
spam-free-wordpress,2.2.6
speed-booster-pack,3.5
spider-event-calendar,1.5.54
spiderblocker,1.0.15
sportspress,2.4.2
sqlite-integration,1.8.1
squirrly-seo,8.0.5
ssh-sftp-updater-support,0.7.1
ssl-insecure-content-fixer,2.4.0
starbox,3.0.6
statify,1.5.2
stealth-login-page,4.0.0
sticky-menu-or-anything-on-scroll,2.0.1
stop-spammer-registrations-plugin,7.0.7
stop-user-enumeration,1.3.10
stops-core-theme-and-plugin-updates,6.4.0
store-locator-le,4.8.3
storefront-product-pagination,1.2.1
storefront-product-sharing,1.0.4
storefront-sticky-add-to-cart,1.1.6
stream,3.2.0
string-locator,2.2.0
strong-testimonials,2.26.7
styles,1.2
subscribe-to-comments,2.3
subscribe-to-comments-reloaded,170607
subscribe2,10.21
sucuri-scanner,1.8.8
sumome,1.27
super-rss-reader,2.5
super-simple-google-analytics,1.7.2
super-socializer,7.9.4
svg-support,2.3.10
svg-vector-icon-plugin,3.2.0
sydney-toolbox,1.01
syntaxhighlighter,3.2.1
tabby-responsive-tabs,1.2.3
table-maker,1.6
table-of-contents-plus,1601
tablepress,1.8
tac,1.5.3
tag-pages,1.0.1
taxonomy-images,0.9.6
taxonomy-metadata,0.5
taxonomy-terms-order,1.5
team-members,3.0.1
templatesnext-toolkit,2.0.8
term-management-tools,1.1.4
testimonial-rotator,2.2.4.1
testimonials-by-woothemes,1.5.4
testimonials-widget,3.4.2
the-events-calendar,4.5.11
the-events-calendar-shortcode,1.6.1
theme-check,20160523.1
theme-junkie-custom-css,0.1.6
theme-my-login,6.4.9
theme-test-drive,2.9.1
themegrill-demo-importer,1.4.0
themeisle-companion,2.0.3
throws-spam-away,2.8.2
tidio-live-chat,3.2.0
tiled-gallery-carousel-without-jetpack,2.2
timber-library,1.4.1
timthumb-vulnerability-scanner,1.54
tiny-compress-images,2.2.4
tinymce-advanced,4.6.3
tinymce-templates,4.7.0
to-top,1.5.3
toggle-the-title,1.4
top-10,2.4.4
transposh-translation-filter-for-wordpress,0.9.6
tubepress,3.1.8
tumblr-importer,0.8
tweet-old-post,7.4.8
twitter,2.0.1
twitter-facebook-google-plusone-share,2.4.3
twitter-tools,3.1
twitter-tweets,1.6.0
typekit-fonts-for-wordpress,1.8.4
typepad-emoji-for-tinymce,1.5
types,2.2.15.1
uber-login-logo,1.5.1
udinra-all-image-sitemap,3.5.1
uji-countdown,2.0.7
uk-cookie-consent,2.3.4
ultimate-category-excluder,1.1
ultimate-coming-soon-page,1.16.1
ultimate-faqs,1.5.39
ultimate-form-builder-lite,1.3.5
ultimate-google-analytics,1.6.0
ultimate-maintenance-mode,1.7.1
ultimate-member,1.3.88
ultimate-posts-widget,2.0.6
ultimate-responsive-image-slider,3.0.5
ultimate-social-media-icons,1.7.6
ultimate-social-media-plus,2.7.0
ultimate-tag-cloud-widget,2.7.2
ultimate-tinymce,5.7
under-construction-page,2.45
under-construction-wp,1.0.5
underconstruction,1.18
unite-gallery-lite,1.7.43
unyson,2.7.6
update-control,1.5
updraftplus,1.13.5
upload-max-file-size,1.0
uptolike-share,1.5.9
usc-e-shop,1.9.3
use-any-font,4.7.3
use-google-libraries,1.6.2.3
user-access-manager,2.0.13
user-avatar,1.4.11
user-photo,0.9.10
user-role-editor,4.35.3
user-submitted-posts,20170801
user-switching,1.0.9
username-changer,3.1.0
vanilla-pdf-embed,0.0.8
varnish-http-purge,4.1.1
vaultpress,1.9.2
velvet-blues-update-urls,3.2.7
verify-google-webmaster-tools,1.3
video-embed-thumbnail-generator,4.6.17
video-sidebar-widgets,6.0
video-thumbnails,2.12.3
videojs-html5-video-player-for-wordpress,4.5.0
virtue-toolkit,4.5
visitor-maps,1.5.8.14
visitors-traffic-real-time-statistics,1.2
visual-form-builder,2.9.3
visualizer,2.2.0
vk-all-in-one-expansion-unit,5.3.8
vslider,4.1.2
w3-total-cache,0.9.5.4
wassup,1.9.4
wc-gallery,1.63
wc-shortcodes,3.40
wc-vendors,1.9.12
wck-custom-fields-and-custom-post-types-creator,2.1.2
wd-facebook-feed,1.0.24
wd-google-analytics,1.1.1
wd-google-maps,1.0.43
wd-instagram-feed,1.2.3
weaverx-theme-support,3.1.8
website-monetization-by-magenet,1.0.22
welcome-email-editor,4.8
wf-cookie-consent,1.1.2
whats-new-genarator,2.0.1
white-label-cms,1.6.1
widget-context,1.0.5
widget-css-classes,1.5.1
widget-importer-exporter,1.4.5
widget-logic,5.8.2
widget-options,3.3.2
widget-settings-importexport,1.5.3
widget-shortcode,0.3.0
widgetize-pages-light,2.4
widgets-for-siteorigin,1.3.3
widgets-on-pages,1.3.0
wk-google-analytics,1.6.2
wonderm00ns-simple-facebook-open-graph-tags,2.0.8.2
woocommerce,3.1.2
woocommerce-advanced-free-shipping,1.1.2
woocommerce-all-in-one-seo-pack,1.3.4
woocommerce-cart-tab,1.1.1
woocommerce-colors,1.0.6
woocommerce-correios,3.4.1
woocommerce-customizer,2.5.0
woocommerce-direct-checkout,1.1.2
woocommerce-exporter,1.9.1.1
woocommerce-extra-checkout-fields-for-brazil,3.6.0
woocommerce-gateway-paypal-express-checkout,1.4.3
woocommerce-gateway-paypal-powered-by-braintree,2.0.4
woocommerce-gateway-stripe,3.2.3
woocommerce-germanized,1.9.1
woocommerce-google-analytics-integration,1.4.3
woocommerce-grid-list-toggle,1.1.0
woocommerce-jetpack,3.0.1
woocommerce-mailchimp,2.1.1
woocommerce-menu-bar-cart,2.6.0
woocommerce-multilingual,4.2.1.1
woocommerce-pagseguro,2.12.5
woocommerce-pdf-invoices,2.9.3
woocommerce-pdf-invoices-packing-slips,2.0.7
woocommerce-product-archive-customiser,1.0.5
woocommerce-products-filter,1.1.7
woocommerce-products-per-page,1.2.2
woocommerce-qtranslate-x,1.3
woocommerce-quantity-increment,1.1.0
woocommerce-sequential-order-numbers,1.8.2
woocommerce-services,1.7.0
woocommerce-shortcodes,1.0.0
woocommerce-social-media-share-buttons,1.3.0
woocommerce-table-rate-shipping,1.0
woocommerce-xml-csv-product-import,1.3.6
woosidebars,1.4.3
wordfence,6.3.17
wordpress-23-related-posts-plugin,3.6.4
wordpress-access-control,4.0.13
wordpress-backup-to-dropbox,4.7.1
wordpress-database-reset,3.0.2
wordpress-easy-paypal-payment-or-donation-accept-plugin,v4.9.5
wordpress-https,3.3.6
wordpress-importer,0.6.3
wordpress-mobile-pack,3.0
wordpress-php-info,16.2
wordpress-ping-optimizer,2.34.9.0
wordpress-plugin-for-simple-google-adsense-insertion,v1.9
wordpress-popular-posts,3.3.4
wordpress-reset,1.4
wordpress-seo,5.3.2
wordpress-simple-paypal-shopping-cart,4.3.6
wordpress-social-login,2.3.3
wordpress-social-ring,1.3.2
wordpress-video-plugin,0.759
wowslider,8.6
wp-accessibility,1.6.0
wp-add-custom-css,1.0.1
wp-admin-ui-customize,1.5.10
wp-all-export,1.1.5
wp-all-import,3.4.5
wp-author-date-and-meta-remover,1.0.5
wp-backitup,1.14.7
wp-ban,1.69
wp-better-emails,0.3
wp-change-default-email,0.4
wp-clean-up,1.2.3
wp-clone-by-wp-academy,2.2.4
wp-construction-mode,3.31
wp-content-copy-protection,1.1.8.3
wp-content-copy-protector,1.6
wp-copyprotect,3.1.0
wp-copyright-protection,1.4
wp-crontrol,1.5
wp-custom-widget-area,1.2.5
wp-customer-reviews,3.1.3
wp-cycle,0.1.13
wp-db-backup,2.3.1
wp-dbmanager,2.79
wp-e-commerce,3.12.2
wp-edit,4.0.1
wp-editor,1.2.6.3
wp-editor-widget,0.5.5
wp-email-login,4.6.4
wp-embed-facebook,2.2.0
wp-external-links,2.1.3
wp-facebook-open-graph-protocol,2.0.13
wp-fail2ban,3.5.3
wp-fastest-cache,0.8.7.2
wp-favorite-posts,1.6.6
wp-featherlight,1.1.0
wp-file-manager,1.7
wp-file-upload,4.0.0
wp-flexible-map,1.12.1
wp-gallery-custom-links,1.12
wp-google-analytics,1.4.1
wp-google-fonts,v3.1.4
wp-google-map-plugin,4.0.1
wp-google-maps,6.4.05
wp-hide-post,2.0.10
wp-htaccess-control,3.5.1
wp-htaccess-editor,1.3.0
wp-hyper-response,1.3
wp-insert,2.1.7
wp-instagram-widget,1.9.8
wp-jalali,5.0.1
wp-job-manager,1.28.0
wp-job-manager-contact-listing,1.4.0
wp-job-manager-locations,1.14.0
wp-jquery-lightbox,1.4.8
wp-less,1.8.0
wp-lightbox-2,3.0.6.2
wp-limit-login-attempts,2.6.2
wp-link-status,1.0.4
wp-live-chat-support,7.1.05
wp-mail-bank,3.0.12
wp-mail-logging,1.8.1
wp-mail-smtp,0.10.1
wp-maintenance,3.0.3
wp-maintenance-mode,2.0.9
wp-math-captcha,1.2.7
wp-media-library-categories,1.5.6
wp-members,3.1.9.1
wp-memory-usage,1.2.2
wp-meta-and-date-remover,1.5
wp-meta-seo,3.5.0
wp-migrate-db,1.0
wp-minify,1.2.0
wp-mobile-detect,2.0
wp-multibyte-patch,2.8.1
wp-native-dashboard,1.3.12
wp-nested-pages,2.0.1
wp-noexternallinks,4.2.2
wp-optimize,2.1.1
wp-page-numbers,0.5
wp-page-widget,3.5
wp-pagenavi,2.92
wp-pagenavi-style,1.4
wp-paginate,2.0.3
wp-parsidate,2.3.2
wp-performance-score-booster,1.8
wp-permalauts,1.0.2
wp-photo-album-plus,6.7.05
wp-php-widget,1.0.2
wp-piwik,1.0.17
wp-polls,2.73.7
wp-postratings,1.84.1
wp-postviews,1.75
wp-print,2.58
wp-pro-quiz,0.37
wp-product-review,3.0.3
wp-realtime-sitemap,1.5.7
wp-recaptcha-integration,1.1.10
wp-remove-category-base,1.0
wp-reset,1.0.1
wp-responsive-menu,2.0.7
wp-review,4.0.10
wp-robots-txt,1.1
wp-rollback,1.5
wp-rss-aggregator,4.11.1
wp-security-audit-log,2.6.5
wp-security-scan,4.0.5
wp-sendgrid,2.1.0
wp-seo-html-sitemap,0.9.6
wp-seo-qtranslate-x,1.1.1
wp-seo-structured-data-schema,2.1
wp-share-buttons-analytics-by-getsocial,4.0.2
wp-shortcode,1.4.6
wp-show-ids,110709
wp-showhide,1.04
wp-simple-booking-calendar,1.5.1
wp-simple-firewall,5.13.1
wp-site-migrate,1.48
wp-sitemap-page,1.6
wp-slimstat,4.7
wp-smtp,1.1.9
wp-social-bookmarking-light,2.0.2
wp-social-likes,6.9.19
wp-social-sharing,1.9
wp-socializer,3.3.2
wp-spamshield,1.9.17
wp-statistics,12.0.12
wp-sticky,1.53
wp-store-locator,2.2.9
wp-subscribe,1.2.3
wp-subtitle,2.9.1
wp-super-cache,1.5.4
wp-super-cache-clear-cache-menu,1.4
wp-super-minify,1.5.1
wp-sweep,1.0.10
wp-tab-widget,1.2.7
wp-table-reloaded,1.9.4
wp-to-twitter,3.2.17
wp-total-hacks,4.7.2
wp-twitter-feeds,1.4.9
wp-ultimate-csv-importer,5.3
wp-updates-notifier,1.4.4
wp-user-avatar,2.0.8
wp-useronline,2.87.1
wp-video-lightbox,1.8.4
wp-visual-icon-fonts,0.5.7
wp125,1.5.4
wpcat2tag-importer,0.5
wpdatatables,Lite 1.2.3
wpdiscuz,4.0.13
wpforms-lite,1.4.0.1
wpfront-notification-bar,1.7
wpfront-scroll-top,1.5
wpfront-user-role-editor,2.13.1
wpgform,0.91
wpglobus,1.8.5
wpide,2.4.0
wpmandrill,1.33
wpml-widgets,1.0.6
wpremote,2.7.9
wps-hide-login,1.1.7
wptouch,4.3.19
ws-facebook-likebox,4.0
wufoo-shortcode,1.43
wunderground,2.1.3
www-xml-sitemap-generator-org,1.3.4
wysija-newsletters,2.7.11.3
wysiwyg-widgets,2.3.6
xcloner-backup-and-restore,4.0.4
xml-sitemap-feed,4.7.5
xml-sitemaps,3.0.1
xml-sitemaps-for-videos,2.6.1
yandex-metrica,1.5
yandex-metrika,0.8.4
yet-another-related-posts-plugin,4.4
yet-another-stars-rating,1.4.7
yikes-inc-easy-custom-woocommerce-product-tabs,1.5.17
yikes-inc-easy-mailchimp-extender,6.3.23
yith-essential-kit-for-woocommerce-1,1.4.8
yith-maintenance-mode,1.3.2
yith-woocommerce-ajax-navigation,3.4.3
yith-woocommerce-ajax-search,1.5.3
yith-woocommerce-catalog-mode,1.5.5
yith-woocommerce-compare,2.2.1
yith-woocommerce-quick-view,1.2.1
yith-woocommerce-social-login,1.2.0
yith-woocommerce-wishlist,2.1.2
yith-woocommerce-zoom-magnifier,1.2.30
yop-poll,5.8.2
youtube-channel,3.0.11.1
youtube-channel-gallery,2.4
youtube-embed,5.0.4
youtube-embed-plus,11.8.2
youtube-video-player,2.0.0
yuzo-related-post,5.12.70
zero-spam,3.0.6
zopim-live-chat,1.4.11